Timestamp,Latitude,Longitude,Posicao_X,Posicao_Y,Profundidade_Z_m,Angulacao_Roll_Graus,Temp_C,CO2_ppm,CO_ppm,Metano_ppm,Risco_Estrutural,Bateria_Robo_Perc,Vitima_Presente_GT,Tendencia_Temp_C,Risco_Previsto_Futuro,Custo_Rota,Vitima_Detectada,Vitima_Confianca_Perc,Score_Vitima,Score_Risco_Estrutural,Prioridade_Resgate,Comando_Logistico
1970-01-01 00:00:00,40.712783,-74.005994,0,0,2.0,0.0,24.3,485,5,185,0,100.0,0,0.0,0,20,False,0.0,0.0,0,16,CONTINUAR EXPLORACAO
1970-01-01 00:00:01,40.712773,-74.005983,1,0,2.0,0.6,24.5,481,-2,221,0,99.8,0,0.2,0,21,False,0.0,0.0,0,186,CONTINUAR EXPLORACAO
1970-01-01 00:00:02,40.712778,-74.005976,2,0,2.0,0.8,25.5,463,2,202,0,99.7,0,1.0,0,21,False,0.0,0.0,0,143,CONTINUAR EXPLORACAO
1970-01-01 00:00:03,40.712766,-74.00599,3,0,2.0,1.3,24.8,489,0,201,0,99.6,0,-0.7,0,22,False,0.0,0.0,0,135,CONTINUAR EXPLORACAO
1970-01-01 00:00:04,40.712755,-74.006003,4,0,2.1,2.6,25.9,481,-3,226,0,99.4,0,1.1,0,26,False,0.0,0.0,0,52,CONTINUAR EXPLORACAO
1970-01-01 00:00:05,40.712765,-74.005994,5,0,2.0,4.0,25.6,482,4,204,0,99.1,0,-0.3,0,28,False,0.0,0.0,0,30,CONTINUAR EXPLORACAO
1970-01-01 00:00:06,40.712762,-74.005993,6,0,2.1,3.8,25.0,539,-3,196,0,99.0,0,-0.6,0,28,False,0.0,0.0,0,100,CONTINUAR EXPLORACAO
1970-01-01 00:00:07,40.712763,-74.005982,7,0,2.1,4.2,25.3,581,0,193,0,98.9,0,0.3,0,29,False,0.0,0.0,0,174,CONTINUAR EXPLORACAO
1970-01-01 00:00:08,40.712753,-74.005985,8,0,2.0,3.5,25.7,588,6,219,0,98.9,0,0.4,0,27,False,0.0,0.0,0,85,CONTINUAR EXPLORACAO
1970-01-01 00:00:09,40.712737,-74.005978,9,0,2.1,2.9,25.2,578,-3,206,0,98.8,0,-0.5,0,26,False,0.0,0.0,0,157,CONTINUAR EXPLORACAO
1970-01-01 00:00:10,40.712724,-74.005976,10,0,2.2,3.9,24.3,637,-14,217,0,98.6,0,-0.9,0,29,False,0.0,0.0,0,70,CONTINUAR EXPLORACAO
1970-01-01 00:00:11,40.712721,-74.005982,11,0,2.1,5.8,25.4,650,-5,222,0,98.4,0,1.1,0,32,False,0.0,0.0,0,153,CONTINUAR EXPLORACAO
1970-01-01 00:00:12,40.712726,-74.005983,12,0,2.2,6.7,24.7,639,1,219,0,98.2,0,-0.7,0,35,False,0.0,0.0,0,115,CONTINUAR EXPLORACAO
1970-01-01 00:00:13,40.712722,-74.005989,13,0,2.1,8.7,26.2,619,10,214,0,97.9,0,1.5,0,38,False,0.0,0.0,0,71,CONTINUAR EXPLORACAO
1970-01-01 00:00:14,40.712727,-74.005984,14,0,2.1,9.0,24.8,630,-9,193,0,97.8,0,-1.4,0,39,False,0.0,0.0,0,30,CONTINUAR EXPLORACAO
1970-01-01 00:00:15,40.712718,-74.005984,15,0,2.0,9.6,25.3,581,-9,218,0,97.6,0,0.5,0,39,False,0.0,0.0,0,94,CONTINUAR EXPLORACAO
1970-01-01 00:00:16,40.712726,-74.005981,16,0,1.9,10.6,25.3,537,3,228,0,97.4,0,0.0,0,40,False,0.0,0.0,0,2,CONTINUAR EXPLORACAO
1970-01-01 00:00:17,40.712726,-74.005966,17,0,1.9,9.6,24.5,567,3,219,0,97.4,0,-0.8,0,38,False,0.0,0.0,0,190,CONTINUAR EXPLORACAO
1970-01-01 00:00:18,40.712717,-74.005968,18,0,2.0,10.7,24.6,538,5,203,0,97.2,0,0.1,0,41,False,0.0,0.0,0,109,CONTINUAR EXPLORACAO
1970-01-01 00:00:19,40.712715,-74.005964,19,0,1.9,10.4,24.1,542,12,234,0,97.1,0,-0.5,0,39,False,0.0,0.0,0,97,CONTINUAR EXPLORACAO
1970-01-01 00:00:20,40.712711,-74.005963,20,0,1.9,11.0,25.3,513,-1,195,0,97.0,0,1.2,0,41,False,0.0,0.0,0,126,CONTINUAR EXPLORACAO
1970-01-01 00:00:21,40.712719,-74.005966,21,0,1.8,11.3,25.2,525,4,228,0,96.9,0,-0.1,0,40,False,0.0,0.0,0,64,CONTINUAR EXPLORACAO
1970-01-01 00:00:22,40.712724,-74.005975,22,0,1.8,12.7,25.2,503,6,209,0,96.6,0,0.0,0,43,False,0.0,0.0,0,51,CONTINUAR EXPLORACAO
1970-01-01 00:00:23,40.712722,-74.00599,23,0,1.8,11.3,24.4,499,4,217,0,96.7,0,-0.8,0,40,False,0.0,0.0,0,116,CONTINUAR EXPLORACAO
1970-01-01 00:00:24,40.712721,-74.005999,24,0,1.9,9.4,25.7,530,-4,192,0,96.8,0,1.3,0,37,False,0.0,0.0,0,158,CONTINUAR EXPLORACAO
1970-01-01 00:00:25,40.712739,-74.006012,25,0,1.8,11.2,25.8,506,1,212,0,96.5,0,0.1,0,40,False,0.0,0.0,0,96,CONTINUAR EXPLORACAO
1970-01-01 00:00:26,40.712739,-74.005999,26,0,1.9,9.7,25.8,557,7,217,0,96.5,0,0.0,0,38,False,0.0,0.0,0,136,CONTINUAR EXPLORACAO
1970-01-01 00:00:27,40.71273,-74.005994,27,0,1.9,8.6,25.7,547,2,224,0,96.5,0,-0.1,0,36,False,0.0,0.0,0,165,CONTINUAR EXPLORACAO
1970-01-01 00:00:28,40.712739,-74.005984,28,0,1.9,10.0,24.9,531,-4,217,0,96.3,0,-0.8,0,39,False,0.0,0.0,0,67,CONTINUAR EXPLORACAO
1970-01-01 00:00:29,40.712745,-74.005958,29,0,2.0,9.8,24.8,568,4,210,0,96.2,0,-0.1,0,39,False,0.0,0.0,0,62,CONTINUAR EXPLORACAO
1970-01-01 00:00:30,40.712738,-74.00597,30,0,1.9,9.6,25.0,570,1,231,0,96.2,0,0.2,0,38,False,0.0,0.0,0,37,CONTINUAR EXPLORACAO
1970-01-01 00:00:31,40.712749,-74.005989,31,0,2.0,8.1,25.8,581,-5,234,0,96.2,0,0.8,0,36,False,0.0,0.0,0,4,CONTINUAR EXPLORACAO
1970-01-01 00:00:32,40.712747,-74.005998,32,0,2.1,10.1,25.6,548,-7,220,0,95.9,0,-0.2,0,41,False,0.0,0.0,0,141,CONTINUAR EXPLORACAO
1970-01-01 00:00:33,40.712735,-74.005994,33,0,2.1,7.8,26.1,573,-8,215,0,96.1,0,0.5,0,36,False,0.0,0.0,0,137,CONTINUAR EXPLORACAO
1970-01-01 00:00:34,40.712724,-74.005997,34,0,2.0,8.0,25.3,534,4,226,0,95.9,0,-0.8,0,36,False,0.0,0.0,0,113,CONTINUAR EXPLORACAO
1970-01-01 00:00:35,40.7127,-74.005997,35,0,2.0,5.6,25.5,505,-2,214,0,96.1,0,0.2,0,31,False,0.0,0.0,0,125,CONTINUAR EXPLORACAO
1970-01-01 00:00:36,40.712695,-74.005996,36,0,1.9,4.7,24.4,484,1,216,0,96.1,0,-1.1,0,28,False,0.0,0.0,0,187,CONTINUAR EXPLORACAO
1970-01-01 00:00:37,40.712706,-74.005988,37,0,1.9,5.9,25.7,493,-1,215,0,95.9,0,1.3,0,30,False,0.0,0.0,0,21,CONTINUAR EXPLORACAO
1970-01-01 00:00:38,40.712701,-74.005971,38,0,1.9,6.9,24.2,451,-10,233,0,95.7,0,-1.5,0,32,False,0.0,0.0,0,103,CONTINUAR EXPLORACAO
1970-01-01 00:00:39,40.712709,-74.005972,39,0,1.9,7.7,25.3,425,3,227,0,95.5,0,1.1,0,34,False,0.0,0.0,0,56,CONTINUAR EXPLORACAO
1970-01-01 00:00:40,40.712715,-74.005973,40,0,1.9,6.3,24.0,452,-8,232,0,95.5,0,-1.3,0,31,False,0.0,0.0,0,172,CONTINUAR EXPLORACAO
1970-01-01 00:00:41,40.712721,-74.005968,41,0,1.9,5.1,25.5,473,5,235,0,95.6,0,1.5,0,29,False,0.0,0.0,0,199,CONTINUAR EXPLORACAO
1970-01-01 00:00:42,40.712716,-74.005973,42,0,1.8,6.9,25.1,449,1,226,0,95.3,0,-0.4,0,31,False,0.0,0.0,0,124,CONTINUAR EXPLORACAO
1970-01-01 00:00:43,40.712715,-74.00598,43,0,1.8,6.6,25.0,436,8,221,0,95.2,0,-0.1,0,31,False,0.0,0.0,0,109,CONTINUAR EXPLORACAO
1970-01-01 00:00:44,40.712707,-74.005991,44,0,1.8,7.6,24.7,468,-2,232,0,95.0,0,-0.3,0,33,False,0.0,0.0,0,186,CONTINUAR EXPLORACAO
1970-01-01 00:00:45,40.712703,-74.005994,45,0,1.8,8.1,25.7,474,11,235,0,94.9,0,1.0,0,34,False,0.0,0.0,0,43,CONTINUAR EXPLORACAO
1970-01-01 00:00:46,40.712716,-74.006001,46,0,1.7,8.2,26.0,476,-9,226,0,94.8,0,0.3,0,33,False,0.0,0.0,0,146,CONTINUAR EXPLORACAO
1970-01-01 00:00:47,40.712718,-74.005995,47,0,1.7,8.6,25.5,434,-1,235,0,94.6,0,-0.5,0,34,False,0.0,0.0,0,43,CONTINUAR EXPLORACAO
1970-01-01 00:00:48,40.712721,-74.00599,48,0,1.7,8.9,25.1,453,6,217,0,94.5,0,-0.4,0,34,False,0.0,0.0,0,73,CONTINUAR EXPLORACAO
1970-01-01 00:00:49,40.712724,-74.006006,49,0,1.7,9.1,25.6,459,-3,210,0,94.4,0,0.5,0,35,False,0.0,0.0,0,160,CONTINUAR EXPLORACAO
1970-01-01 00:00:50,40.712723,-74.005992,0,1,1.7,8.7,24.7,475,-1,206,0,94.3,0,-0.9,0,34,False,0.0,0.0,0,126,CONTINUAR EXPLORACAO
1970-01-01 00:00:51,40.712732,-74.005993,1,1,1.7,9.2,25.2,500,5,195,0,94.2,0,0.5,0,35,False,0.0,0.0,0,121,CONTINUAR EXPLORACAO
1970-01-01 00:00:52,40.71273,-74.006009,2,1,1.7,9.3,25.4,436,-3,217,0,94.1,0,0.2,0,35,False,0.0,0.0,0,39,CONTINUAR EXPLORACAO
1970-01-01 00:00:53,40.712741,-74.006025,3,1,1.7,8.0,24.8,512,6,213,0,94.1,0,-0.6,0,33,False,0.0,0.0,0,26,CONTINUAR EXPLORACAO
1970-01-01 00:00:54,40.712753,-74.006029,4,1,1.6,8.5,26.1,499,1,216,0,94.0,0,1.3,0,33,False,0.0,0.0,0,57,CONTINUAR EXPLORACAO
1970-01-01 00:00:55,40.712759,-74.006043,5,1,1.6,9.0,25.6,532,2,208,0,93.8,0,-0.5,0,34,False,0.0,0.0,0,55,CONTINUAR EXPLORACAO
1970-01-01 00:00:56,40.712765,-74.006031,6,1,1.7,8.7,25.1,592,-6,216,0,93.8,0,-0.5,0,34,False,0.0,0.0,0,138,CONTINUAR EXPLORACAO
1970-01-01 00:00:57,40.712762,-74.006032,7,1,1.7,8.3,25.2,621,-2,203,0,93.7,0,0.1,0,33,False,0.0,0.0,0,96,CONTINUAR EXPLORACAO
1970-01-01 00:00:58,40.712764,-74.006036,8,1,1.7,9.7,25.4,644,0,213,0,93.5,0,0.2,0,36,False,0.0,0.0,0,86,CONTINUAR EXPLORACAO
1970-01-01 00:00:59,40.712762,-74.006036,9,1,1.7,8.1,26.0,679,0,221,0,93.5,0,0.6,0,33,False,0.0,0.0,0,174,CONTINUAR EXPLORACAO
1970-01-01 00:01:00,40.712764,-74.006059,10,1,1.6,9.5,24.7,735,-3,199,0,93.3,0,-1.3,0,35,False,0.0,0.0,0,157,CONTINUAR EXPLORACAO
1970-01-01 00:01:01,40.712763,-74.006068,11,1,1.5,9.2,25.2,735,2,214,0,93.2,0,0.5,0,33,False,0.1,0.2,0,53,CONTINUAR EXPLORACAO
1970-01-01 00:01:02,40.712769,-74.006056,12,1,1.5,8.2,25.3,724,9,198,0,93.2,0,0.1,0,31,False,0.0,0.0,0,83,CONTINUAR EXPLORACAO
1970-01-01 00:01:03,40.712764,-74.00605,13,1,1.5,8.1,25.0,686,0,215,0,93.1,0,-0.3,0,31,False,0.0,0.0,0,18,CONTINUAR EXPLORACAO
1970-01-01 00:01:04,40.712758,-74.006043,14,1,1.4,7.1,25.1,682,1,201,0,93.1,0,0.1,0,28,False,0.0,0.0,0,160,CONTINUAR EXPLORACAO
1970-01-01 00:01:05,40.712749,-74.006059,15,1,1.5,6.6,25.3,634,-2,214,0,93.1,0,0.2,0,28,False,0.0,0.0,0,173,CONTINUAR EXPLORACAO
1970-01-01 00:01:06,40.712759,-74.006047,16,1,1.5,6.1,24.3,599,-1,217,0,93.1,0,-1.0,0,27,False,0.0,0.0,0,47,CONTINUAR EXPLORACAO
1970-01-01 00:01:07,40.712744,-74.006036,17,1,1.4,7.5,25.7,530,9,208,0,92.8,0,1.4,0,29,False,0.0,0.0,0,186,CONTINUAR EXPLORACAO
1970-01-01 00:01:08,40.712752,-74.006014,18,1,1.4,6.6,25.3,541,6,212,0,92.8,0,-0.4,0,27,False,0.0,0.0,0,113,CONTINUAR EXPLORACAO
1970-01-01 00:01:09,40.712754,-74.006036,19,1,1.4,7.3,23.8,522,0,207,0,92.6,0,-1.5,0,28,False,0.0,0.0,0,188,CONTINUAR EXPLORACAO
1970-01-01 00:01:10,40.712752,-74.006043,20,1,1.5,8.6,24.8,509,-5,226,0,92.4,0,1.0,0,32,False,0.0,0.0,0,24,CONTINUAR EXPLORACAO
1970-01-01 00:01:11,40.712761,-74.006029,21,1,1.5,9.1,25.8,515,-5,226,0,92.3,0,1.0,0,33,False,0.0,0.0,0,82,CONTINUAR EXPLORACAO
1970-01-01 00:01:12,40.712762,-74.006005,22,1,1.5,8.8,24.7,510,7,227,0,92.2,0,-1.1,0,32,False,0.0,0.0,0,192,CONTINUAR EXPLORACAO
1970-01-01 00:01:13,40.71275,-74.006006,23,1,1.5,9.4,24.5,491,5,224,0,92.1,0,-0.2,0,33,False,0.0,0.0,0,14,CONTINUAR EXPLORACAO
1970-01-01 00:01:14,40.712755,-74.006005,24,1,1.5,9.6,25.1,549,-1,217,0,91.9,0,0.6,0,34,False,0.0,0.0,0,135,CONTINUAR EXPLORACAO
1970-01-01 00:01:15,40.712759,-74.006009,25,1,1.5,9.6,25.1,570,-3,218,0,91.8,0,0.0,0,34,False,0.0,0.0,0,166,CONTINUAR EXPLORACAO
1970-01-01 00:01:16,40.712778,-74.006003,26,1,1.5,10.9,26.0,584,-2,230,0,91.6,0,0.9,0,36,False,0.0,0.0,0,11,CONTINUAR EXPLORACAO
1970-01-01 00:01:17,40.71279,-74.006022,27,1,1.5,9.4,25.1,560,7,207,0,91.7,0,-0.9,0,33,False,0.0,0.0,0,45,CONTINUAR EXPLORACAO
1970-01-01 00:01:18,40.71277,-74.006028,28,1,1.6,11.1,25.4,602,-5,213,0,91.4,0,0.3,0,38,False,0.0,0.0,0,17,CONTINUAR EXPLORACAO
1970-01-01 00:01:19,40.712763,-74.006038,29,1,1.6,10.1,24.8,609,-4,218,0,91.4,0,-0.6,0,36,False,0.0,0.0,0,75,CONTINUAR EXPLORACAO
1970-01-01 00:01:20,40.712771,-74.006036,30,1,1.6,10.9,24.8,598,0,208,0,91.2,0,0.0,0,37,False,0.0,0.0,0,60,CONTINUAR EXPLORACAO
1970-01-01 00:01:21,40.712775,-74.006039,31,1,1.6,10.8,25.0,639,5,222,0,91.1,0,0.2,0,37,False,0.0,0.0,0,134,CONTINUAR EXPLORACAO
1970-01-01 00:01:22,40.712778,-74.006032,32,1,1.6,11.3,25.0,650,-1,217,0,91.0,0,0.0,0,38,False,0.0,0.0,0,63,CONTINUAR EXPLORACAO
1970-01-01 00:01:23,40.712794,-74.006028,33,1,1.6,11.7,24.9,615,-5,233,0,90.9,0,-0.1,0,39,False,0.0,0.0,0,23,CONTINUAR EXPLORACAO
1970-01-01 00:01:24,40.712804,-74.006038,34,1,1.6,11.6,25.4,617,-9,204,0,90.8,0,0.5,0,39,False,0.0,0.0,0,4,CONTINUAR EXPLORACAO
1970-01-01 00:01:25,40.712811,-74.006041,35,1,1.6,12.4,25.8,552,7,222,0,90.6,0,0.4,0,40,False,0.0,0.0,0,167,CONTINUAR EXPLORACAO
1970-01-01 00:01:26,40.712813,-74.006035,36,1,1.7,11.2,25.2,539,5,227,0,90.6,0,-0.6,0,39,False,0.0,0.0,0,156,CONTINUAR EXPLORACAO
1970-01-01 00:01:27,40.712817,-74.006034,37,1,1.7,9.9,24.6,529,-3,225,0,90.7,0,-0.6,0,36,False,0.0,0.0,0,199,CONTINUAR EXPLORACAO
1970-01-01 00:01:28,40.712809,-74.006035,38,1,1.7,10.2,25.2,496,5,239,0,90.5,0,0.6,0,37,False,0.0,0.0,0,21,CONTINUAR EXPLORACAO
1970-01-01 00:01:29,40.712805,-74.006044,39,1,1.7,9.0,24.9,495,6,223,0,90.6,0,-0.3,0,35,False,0.0,0.0,0,101,CONTINUAR EXPLORACAO
1970-01-01 00:01:30,40.712797,-74.006038,40,1,1.7,7.9,25.2,483,-10,207,0,90.6,0,0.3,0,32,False,0.0,0.0,0,12,CONTINUAR EXPLORACAO
1970-01-01 00:01:31,40.7128,-74.006052,41,1,1.8,7.3,25.0,472,0,226,0,90.5,0,-0.2,0,32,False,0.0,0.0,0,53,CONTINUAR EXPLORACAO
1970-01-01 00:01:32,40.712805,-74.006035,42,1,1.9,9.3,25.1,451,-8,219,0,90.2,0,0.1,0,37,False,0.0,0.0,0,81,CONTINUAR EXPLORACAO
1970-01-01 00:01:33,40.712803,-74.006052,43,1,1.9,8.6,25.8,479,-3,211,0,90.2,0,0.7,0,36,False,0.0,0.0,0,45,CONTINUAR EXPLORACAO
1970-01-01 00:01:34,40.712808,-74.006046,44,1,1.8,8.9,26.5,441,0,229,0,90.1,0,0.7,0,35,False,0.0,0.0,0,149,CONTINUAR EXPLORACAO
1970-01-01 00:01:35,40.712818,-74.006043,45,1,1.8,7.9,24.7,494,-7,216,0,90.1,0,-1.8,0,33,False,0.0,0.0,0,14,CONTINUAR EXPLORACAO
1970-01-01 00:01:36,40.712802,-74.00604,46,1,1.8,6.9,24.7,433,-9,232,0,90.1,0,0.0,0,31,False,0.0,0.0,0,22,CONTINUAR EXPLORACAO
1970-01-01 00:01:37,40.712807,-74.006044,47,1,1.9,7.4,24.5,451,0,226,0,89.9,0,-0.2,0,33,False,0.0,0.0,0,194,CONTINUAR EXPLORACAO
1970-01-01 00:01:38,40.712819,-74.006046,48,1,1.9,8.6,25.1,455,6,245,0,89.7,0,0.6,0,36,False,0.0,0.0,0,97,CONTINUAR EXPLORACAO
1970-01-01 00:01:39,40.712829,-74.006045,49,1,1.9,9.6,25.5,422,4,236,0,89.5,0,0.4,0,38,False,0.0,0.0,0,126,CONTINUAR EXPLORACAO
1970-01-01 00:01:40,40.712839,-74.006071,0,2,1.9,10.7,26.0,460,0,188,0,89.3,0,0.5,0,40,False,0.0,0.0,0,93,CONTINUAR EXPLORACAO
1970-01-01 00:01:41,40.712831,-74.006074,1,2,1.9,11.1,24.7,512,-1,223,0,89.2,0,-1.3,0,41,False,0.0,0.0,0,99,CONTINUAR EXPLORACAO
1970-01-01 00:01:42,40.712835,-74.00608,2,2,2.0,11.1,24.9,456,0,204,0,89.1,0,0.2,0,42,False,0.0,0.0,0,5,CONTINUAR EXPLORACAO
1970-01-01 00:01:43,40.712851,-74.006062,3,2,1.9,10.6,25.0,488,1,218,0,89.1,0,0.1,0,40,False,0.0,0.0,0,16,CONTINUAR EXPLORACAO
1970-01-01 00:01:44,40.71285,-74.006061,4,2,1.9,9.8,24.3,541,9,203,0,89.0,0,-0.7,0,38,False,0.0,0.0,0,120,CONTINUAR EXPLORACAO
1970-01-01 00:01:45,40.712844,-74.006068,5,2,1.8,8.9,25.0,516,0,196,0,89.0,0,0.7,0,35,False,0.0,0.0,0,199,CONTINUAR EXPLORACAO
1970-01-01 00:01:46,40.712853,-74.006073,6,2,1.8,7.6,25.8,602,0,218,0,89.1,0,0.8,0,33,False,0.0,0.0,0,180,CONTINUAR EXPLORACAO
1970-01-01 00:01:47,40.712834,-74.006084,7,2,1.9,7.8,24.9,650,0,211,0,88.9,0,-0.9,0,34,False,0.0,0.0,0,11,CONTINUAR EXPLORACAO
1970-01-01 00:01:48,40.712831,-74.006087,8,2,1.9,6.6,25.3,737,-3,211,0,89.0,0,0.4,0,32,False,0.1,0.2,0,83,CONTINUAR EXPLORACAO
1970-01-01 00:01:49,40.712836,-74.0061,9,2,1.9,8.7,26.6,811,-5,207,0,88.7,0,1.3,0,36,False,19.4,38.8,0,197,CONTINUAR EXPLORACAO
1970-01-01 00:01:50,40.712832,-74.006102,10,2,1.8,7.6,25.0,882,5,207,0,88.7,0,-1.6,0,33,False,1.0,2.0,0,192,CONTINUAR EXPLORACAO
1970-01-01 00:01:51,40.712812,-74.006094,11,2,1.9,8.0,25.0,874,8,204,0,88.5,0,0.0,0,35,False,8.9,17.8,0,16,CONTINUAR EXPLORACAO
1970-01-01 00:01:52,40.71282,-74.006096,12,2,1.9,8.6,25.1,818,5,212,0,88.4,0,0.1,0,36,False,1.1,2.2,0,16,CONTINUAR EXPLORACAO
1970-01-01 00:01:53,40.712814,-74.006104,13,2,1.9,7.1,24.8,781,0,207,0,88.4,0,-0.3,0,33,False,0.1,0.2,0,188,CONTINUAR EXPLORACAO
1970-01-01 00:01:54,40.712818,-74.006128,14,2,2.0,8.3,25.3,747,0,229,0,88.2,0,0.5,0,36,False,0.1,0.2,0,99,CONTINUAR EXPLORACAO
1970-01-01 00:01:55,40.712819,-74.006119,15,2,2.0,8.1,25.3,641,2,239,0,88.2,0,0.0,0,36,False,0.0,0.0,0,200,CONTINUAR EXPLORACAO
1970-01-01 00:01:56,40.712818,-74.006106,16,2,1.9,8.9,26.2,606,-5,209,0,88.0,0,0.9,0,36,False,0.0,0.0,0,158,CONTINUAR EXPLORACAO
1970-01-01 00:01:57,40.712818,-74.006092,17,2,1.9,8.8,25.2,581,2,213,0,87.9,0,-1.0,0,36,False,0.0,0.0,0,93,CONTINUAR EXPLORACAO
1970-01-01 00:01:58,40.712823,-74.006092,18,2,1.9,9.2,25.1,553,5,208,0,87.8,0,-0.1,0,37,False,0.0,0.0,0,162,CONTINUAR EXPLORACAO
1970-01-01 00:01:59,40.712807,-74.006085,19,2,2.0,7.9,25.2,549,0,224,0,87.8,0,0.1,0,35,False,0.0,0.0,0,192,CONTINUAR EXPLORACAO
1970-01-01 00:02:00,40.712788,-74.006084,20,2,1.9,6.0,25.2,502,0,211,0,87.9,0,0.0,0,31,False,0.0,0.0,0,25,CONTINUAR EXPLORACAO
1970-01-01 00:02:01,40.71279,-74.006091,21,2,1.9,4.0,25.3,521,-5,219,0,88.0,0,0.1,0,27,False,0.0,0.0,0,14,CONTINUAR EXPLORACAO
1970-01-01 00:02:02,40.712807,-74.006083,22,2,1.9,4.4,25.0,507,4,199,0,87.8,0,-0.3,0,27,False,0.0,0.0,0,89,CONTINUAR EXPLORACAO
1970-01-01 00:02:03,40.712806,-74.00608,23,2,2.0,5.2,25.1,539,-3,223,0,87.7,0,0.1,0,30,False,0.0,0.0,0,41,CONTINUAR EXPLORACAO
1970-01-01 00:02:04,40.712811,-74.006072,24,2,1.9,7.8,24.1,546,-3,216,0,87.3,0,-1.0,0,34,False,0.0,0.0,0,47,CONTINUAR EXPLORACAO
1970-01-01 00:02:05,40.712816,-74.006072,25,2,1.9,7.4,25.8,559,-4,220,0,87.3,0,1.7,0,33,False,0.0,0.0,0,154,CONTINUAR EXPLORACAO
1970-01-01 00:02:06,40.712805,-74.006082,26,2,2.0,6.5,25.8,566,-4,222,0,87.3,0,0.0,0,33,False,0.0,0.0,0,186,CONTINUAR EXPLORACAO
1970-01-01 00:02:07,40.712802,-74.006099,27,2,2.0,5.8,25.2,609,5,236,0,87.2,0,-0.6,0,31,False,0.0,0.0,0,108,CONTINUAR EXPLORACAO
1970-01-01 00:02:08,40.712814,-74.006096,28,2,2.0,7.1,24.9,627,-1,231,0,87.0,0,-0.3,0,34,False,0.0,0.0,0,108,CONTINUAR EXPLORACAO
1970-01-01 00:02:09,40.712814,-74.006092,29,2,1.9,6.5,25.6,700,-1,236,0,87.0,0,0.7,0,32,False,0.0,0.0,0,40,CONTINUAR EXPLORACAO
1970-01-01 00:02:10,40.712813,-74.006108,30,2,1.9,8.3,26.3,750,9,226,0,86.7,0,0.7,0,35,False,0.1,0.2,0,33,CONTINUAR EXPLORACAO
1970-01-01 00:02:11,40.712809,-74.006108,31,2,1.9,7.2,26.0,733,1,206,0,86.7,0,-0.3,0,33,False,0.0,0.0,0,198,CONTINUAR EXPLORACAO
1970-01-01 00:02:12,40.712812,-74.0061,32,2,2.0,8.4,24.2,730,-7,224,0,86.5,0,-1.8,0,36,False,0.0,0.0,0,157,CONTINUAR EXPLORACAO
1970-01-01 00:02:13,40.712805,-74.006079,33,2,1.9,7.0,26.1,699,1,205,0,86.5,0,1.9,0,33,False,0.2,0.4,0,138,CONTINUAR EXPLORACAO
1970-01-01 00:02:14,40.712803,-74.006074,34,2,1.9,6.2,25.5,619,6,230,0,86.5,0,-0.6,0,31,False,0.0,0.0,0,97,CONTINUAR EXPLORACAO
1970-01-01 00:02:15,40.712812,-74.006096,35,2,1.9,5.4,24.7,588,1,220,0,86.5,0,-0.8,0,29,False,0.0,0.0,0,56,CONTINUAR EXPLORACAO
1970-01-01 00:02:16,40.712829,-74.00611,36,2,1.8,4.7,25.3,578,0,207,0,86.5,0,0.6,0,27,False,0.0,0.0,0,191,CONTINUAR EXPLORACAO
1970-01-01 00:02:17,40.712829,-74.006118,37,2,1.8,4.8,25.8,530,4,223,0,86.4,0,0.5,0,27,False,0.0,0.0,0,112,CONTINUAR EXPLORACAO
1970-01-01 00:02:18,40.712808,-74.006122,38,2,1.8,5.3,25.2,509,3,210,0,86.2,0,-0.6,0,28,False,0.0,0.0,0,198,CONTINUAR EXPLORACAO
1970-01-01 00:02:19,40.71282,-74.006125,39,2,1.7,5.1,25.3,484,2,222,0,86.1,0,0.1,0,27,False,0.0,0.0,0,119,CONTINUAR EXPLORACAO
1970-01-01 00:02:20,40.712819,-74.006122,40,2,1.7,6.2,25.6,477,-10,230,0,85.9,0,0.3,0,29,False,0.0,0.0,0,140,CONTINUAR EXPLORACAO
1970-01-01 00:02:21,40.712811,-74.006132,41,2,1.7,7.6,24.5,464,-6,223,0,85.7,0,-1.1,0,32,False,0.0,0.0,0,108,CONTINUAR EXPLORACAO
1970-01-01 00:02:22,40.712814,-74.006132,42,2,1.7,7.4,24.9,480,1,232,0,85.6,0,0.4,0,31,False,0.0,0.0,0,10,CONTINUAR EXPLORACAO
1970-01-01 00:02:23,40.712808,-74.006137,43,2,1.7,5.8,24.7,453,-3,237,0,85.7,0,-0.2,0,28,False,0.0,0.0,0,70,CONTINUAR EXPLORACAO
1970-01-01 00:02:24,40.712804,-74.006134,44,2,1.7,2.6,25.6,431,-1,233,0,85.9,0,0.9,0,22,False,0.0,0.0,0,23,CONTINUAR EXPLORACAO
1970-01-01 00:02:25,40.712796,-74.006132,45,2,1.8,3.7,25.9,434,4,224,0,85.7,0,0.3,0,25,False,0.0,0.0,0,140,CONTINUAR EXPLORACAO
1970-01-01 00:02:26,40.712817,-74.006143,46,2,1.7,3.9,24.6,459,8,240,0,85.6,0,-1.3,0,24,False,0.0,0.0,0,101,CONTINUAR EXPLORACAO
1970-01-01 00:02:27,40.712841,-74.006154,47,2,1.7,3.9,24.5,431,2,228,0,85.5,0,-0.1,0,24,False,0.0,0.0,0,170,CONTINUAR EXPLORACAO
1970-01-01 00:02:28,40.712842,-74.006143,48,2,1.7,3.9,25.6,482,0,222,0,85.4,0,1.1,0,24,False,0.0,0.0,0,9,CONTINUAR EXPLORACAO
1970-01-01 00:02:29,40.712843,-74.006128,49,2,1.6,4.5,26.0,477,-5,230,0,85.2,0,0.4,0,25,False,0.0,0.0,0,79,CONTINUAR EXPLORACAO
1970-01-01 00:02:30,40.71285,-74.006138,0,3,1.5,4.9,25.0,501,-5,219,0,85.1,0,-1.0,0,24,False,0.0,0.0,0,150,CONTINUAR EXPLORACAO
1970-01-01 00:02:31,40.712832,-74.006123,1,3,1.6,4.9,25.4,476,11,213,0,85.0,0,0.4,0,25,False,0.0,0.0,0,55,CONTINUAR EXPLORACAO
1970-01-01 00:02:32,40.712843,-74.006111,2,3,1.6,6.1,25.4,504,4,210,0,84.8,0,0.0,0,28,False,0.0,0.0,0,188,CONTINUAR EXPLORACAO
1970-01-01 00:02:33,40.712855,-74.006114,3,3,1.5,6.3,24.9,496,-8,189,0,84.7,0,-0.5,0,27,False,0.0,0.0,0,88,CONTINUAR EXPLORACAO
1970-01-01 00:02:34,40.712851,-74.006118,4,3,1.5,5.7,25.4,525,-3,209,0,84.6,0,0.5,0,26,False,0.0,0.0,0,189,CONTINUAR EXPLORACAO
1970-01-01 00:02:35,40.712864,-74.006122,5,3,1.4,5.9,24.9,564,-1,217,0,84.5,0,-0.5,0,25,False,0.0,0.0,0,64,CONTINUAR EXPLORACAO
1970-01-01 00:02:36,40.712869,-74.006104,6,3,1.4,4.6,25.5,628,-8,232,0,84.6,0,0.6,0,23,False,0.0,0.0,0,116,CONTINUAR EXPLORACAO
1970-01-01 00:02:37,40.712867,-74.006102,7,3,1.3,6.1,25.6,680,1,222,0,84.3,0,0.1,0,25,False,0.0,0.0,0,1,CONTINUAR EXPLORACAO
1970-01-01 00:02:38,40.712854,-74.006092,8,3,1.4,5.7,25.3,781,4,200,0,84.3,0,-0.3,0,25,False,0.1,0.2,0,2,CONTINUAR EXPLORACAO
1970-01-01 00:02:39,40.712861,-74.006074,9,3,1.4,4.2,24.6,947,-3,223,0,84.3,0,-0.7,0,22,True,81.3,162.6,0,136,INICIAR RESGATE (ALTA CONFIANÇA DA IA)
1970-01-01 00:02:40,40.712847,-74.006078,10,3,1.4,3.6,25.7,1062,2,230,0,84.3,1,1.1,0,21,True,100.0,200.0,0,328,INICIAR RESGATE (ALTA CONFIANÇA DA IA)
1970-01-01 00:02:41,40.712862,-74.006083,11,3,1.4,1.0,25.6,1179,4,211,0,84.4,1,-0.1,0,16,True,100.0,200.0,0,291,INICIAR RESGATE (ALTA CONFIANÇA DA IA)
1970-01-01 00:02:42,40.712873,-74.006074,12,3,1.4,1.0,25.2,1114,-8,196,0,84.3,1,-0.4,0,16,True,100.0,200.0,0,304,INICIAR RESGATE (ALTA CONFIANÇA DA IA)
1970-01-01 00:02:43,40.712865,-74.006074,13,3,1.3,1.1,25.1,922,3,222,0,84.2,0,-0.1,0,15,True,67.0,134.0,0,187,CONTINUAR EXPLORACAO
1970-01-01 00:02:44,40.712892,-74.00609,14,3,1.3,1.3,25.0,810,0,203,0,84.1,0,-0.1,0,15,False,1.1,2.2,0,113,CONTINUAR EXPLORACAO
1970-01-01 00:02:45,40.712885,-74.006099,15,3,1.4,0.0,25.4,724,1,218,0,84.2,0,0.4,0,14,False,0.0,0.0,0,26,CONTINUAR EXPLORACAO
1970-01-01 00:02:46,40.712894,-74.006084,16,3,1.4,0.0,25.4,625,0,220,0,84.1,0,0.0,0,14,False,0.0,0.0,0,8,CONTINUAR EXPLORACAO
1970-01-01 00:02:47,40.712897,-74.006075,17,3,1.4,0.7,25.5,537,1,220,0,83.9,0,0.1,0,15,False,0.0,0.0,0,94,CONTINUAR EXPLORACAO
1970-01-01 00:02:48,40.71291,-74.006075,18,3,1.4,1.1,24.9,574,-4,211,0,83.8,0,-0.6,0,16,False,0.0,0.0,0,136,CONTINUAR EXPLORACAO
1970-01-01 00:02:49,40.712913,-74.006075,19,3,1.5,1.0,24.8,521,0,202,0,83.7,0,-0.1,0,17,False,0.0,0.0,0,47,CONTINUAR EXPLORACAO
1970-01-01 00:02:50,40.712914,-74.006078,20,3,1.5,2.6,25.9,501,0,231,0,83.4,0,1.1,0,20,False,0.0,0.0,0,94,CONTINUAR EXPLORACAO
1970-01-01 00:02:51,40.712908,-74.006065,21,3,1.5,3.4,25.3,509,1,224,0,83.2,0,-0.6,0,21,False,0.0,0.0,0,174,CONTINUAR EXPLORACAO
1970-01-01 00:02:52,40.712909,-74.006075,22,3,1.6,2.1,24.4,561,6,212,0,83.3,0,-0.9,0,20,False,0.0,0.0,0,30,CONTINUAR EXPLORACAO
1970-01-01 00:02:53,40.712911,-74.00608,23,3,1.6,1.0,25.4,523,-8,223,0,83.3,0,1.0,0,18,False,0.0,0.0,0,192,CONTINUAR EXPLORACAO
1970-01-01 00:02:54,40.712915,-74.006082,24,3,1.5,0.0,25.9,529,-3,206,0,83.3,0,0.5,0,15,False,0.0,0.0,0,114,CONTINUAR EXPLORACAO
1970-01-01 00:02:55,40.712914,-74.006082,25,3,1.5,2.0,24.7,565,0,209,0,83.0,0,-1.2,0,19,False,0.0,0.0,0,45,CONTINUAR EXPLORACAO
1970-01-01 00:02:56,40.712918,-74.006064,26,3,1.4,2.7,25.4,610,7,210,0,82.8,0,0.7,0,19,False,0.0,0.0,0,200,CONTINUAR EXPLORACAO
1970-01-01 00:02:57,40.712919,-74.006063,27,3,1.5,3.9,24.3,645,-1,228,0,82.6,0,-1.1,0,22,False,0.0,0.0,0,95,CONTINUAR EXPLORACAO
1970-01-01 00:02:58,40.712912,-74.006076,28,3,1.5,2.5,25.2,679,8,217,0,82.7,0,0.9,0,20,False,0.0,0.0,0,114,CONTINUAR EXPLORACAO
1970-01-01 00:02:59,40.712914,-74.006059,29,3,1.5,3.2,24.6,773,-1,201,0,82.5,0,-0.6,0,21,False,0.1,0.2,0,115,CONTINUAR EXPLORACAO
1970-01-01 00:03:00,40.712895,-74.006068,30,3,1.5,3.2,24.8,817,-6,237,0,82.4,0,0.2,0,21,False,5.2,10.4,0,164,CONTINUAR EXPLORACAO
1970-01-01 00:03:01,40.712896,-74.00605,31,3,1.6,2.4,25.6,869,0,221,0,82.4,0,0.8,0,20,True,51.1,102.2,0,116,CONTINUAR EXPLORACAO
1970-01-01 00:03:02,40.712898,-74.006069,32,3,1.7,3.6,25.7,856,-3,219,0,82.2,0,0.1,0,24,False,16.2,32.4,0,123,CONTINUAR EXPLORACAO
1970-01-01 00:03:03,40.712897,-74.006062,33,3,1.7,2.9,25.2,788,1,235,0,82.1,0,-0.5,0,22,False,0.1,0.2,0,64,CONTINUAR EXPLORACAO
1970-01-01 00:03:04,40.712894,-74.006055,34,3,1.6,3.0,25.0,719,-10,203,0,82.0,0,-0.2,0,22,False,0.0,0.0,0,34,CONTINUAR EXPLORACAO
1970-01-01 00:03:05,40.712884,-74.006055,35,3,1.6,4.7,26.5,641,-7,222,0,81.8,0,1.5,0,25,False,0.0,0.0,0,18,CONTINUAR EXPLORACAO
1970-01-01 00:03:06,40.712901,-74.006068,36,3,1.5,4.5,25.5,588,-9,234,0,81.7,0,-1.0,0,24,False,0.0,0.0,0,4,CONTINUAR EXPLORACAO
1970-01-01 00:03:07,40.71289,-74.006094,37,3,1.6,3.6,25.8,529,0,234,0,81.7,0,0.3,0,23,False,0.0,0.0,0,48,CONTINUAR EXPLORACAO
1970-01-01 00:03:08,40.712877,-74.006085,38,3,1.5,3.9,25.0,527,-3,219,0,81.6,0,-0.8,0,22,False,0.0,0.0,0,140,CONTINUAR EXPLORACAO
1970-01-01 00:03:09,40.712869,-74.00607,39,3,1.5,0.7,25.4,490,-7,229,0,81.8,0,0.4,0,16,False,0.0,0.0,0,160,CONTINUAR EXPLORACAO
1970-01-01 00:03:10,40.712854,-74.006075,40,3,1.5,1.3,24.8,494,-8,222,0,81.6,0,-0.6,0,17,False,0.0,0.0,0,90,CONTINUAR EXPLORACAO
1970-01-01 00:03:11,40.712843,-74.006082,41,3,1.5,0.3,25.2,456,3,218,0,81.6,0,0.4,0,15,False,0.0,0.0,0,181,CONTINUAR EXPLORACAO
1970-01-01 00:03:12,40.712857,-74.006084,42,3,1.4,0.2,25.3,497,7,220,0,81.5,0,0.1,0,14,False,0.0,0.0,0,200,CONTINUAR EXPLORACAO
1970-01-01 00:03:13,40.712847,-74.006096,43,3,1.5,0.0,24.9,485,0,221,0,81.5,0,-0.4,0,15,False,0.0,0.0,0,43,CONTINUAR EXPLORACAO
1970-01-01 00:03:14,40.712864,-74.006086,44,3,1.5,0.0,24.5,450,3,212,0,81.4,0,-0.4,0,15,False,0.0,0.0,0,24,CONTINUAR EXPLORACAO
1970-01-01 00:03:15,40.712864,-74.006084,45,3,1.6,0.3,25.6,487,1,244,0,81.2,0,1.1,0,16,False,0.0,0.0,0,171,CONTINUAR EXPLORACAO
1970-01-01 00:03:16,40.712883,-74.006073,46,3,1.5,0.5,25.8,444,3,251,0,81.1,0,0.2,0,16,False,0.0,0.0,0,186,CONTINUAR EXPLORACAO
1970-01-01 00:03:17,40.712889,-74.006088,47,3,1.5,0.0,25.7,412,7,225,0,81.1,0,-0.1,0,15,False,0.0,0.0,0,93,CONTINUAR EXPLORACAO
1970-01-01 00:03:18,40.712872,-74.00608,48,3,1.5,0.5,25.1,407,-1,235,0,80.9,0,-0.6,0,16,False,0.0,0.0,0,127,CONTINUAR EXPLORACAO
1970-01-01 00:03:19,40.712875,-74.006094,49,3,1.6,1.0,24.3,406,-1,236,0,80.8,0,-0.8,0,18,False,0.0,0.0,0,170,CONTINUAR EXPLORACAO
1970-01-01 00:03:20,40.71287,-74.006101,0,4,1.6,0.4,24.6,474,-3,205,0,80.8,0,0.3,0,16,False,0.0,0.0,0,178,CONTINUAR EXPLORACAO
1970-01-01 00:03:21,40.712867,-74.006093,1,4,1.5,1.9,25.9,476,6,226,0,80.5,0,1.3,0,18,False,0.0,0.0,0,7,CONTINUAR EXPLORACAO
1970-01-01 00:03:22,40.712883,-74.006086,2,4,1.6,0.6,25.1,492,2,211,0,80.5,0,-0.8,0,17,False,0.0,0.0,0,152,CONTINUAR EXPLORACAO
1970-01-01 00:03:23,40.712881,-74.006069,3,4,1.6,0.9,24.6,513,11,210,0,80.4,0,-0.5,0,17,False,0.0,0.0,0,7,CONTINUAR EXPLORACAO
1970-01-01 00:03:24,40.71287,-74.006059,4,4,1.7,1.7,25.2,582,0,210,0,80.2,0,0.6,0,20,False,0.0,0.0,0,185,CONTINUAR EXPLORACAO
1970-01-01 00:03:25,40.712878,-74.006062,5,4,1.7,3.3,24.9,587,-1,201,0,80.0,0,-0.3,0,23,False,0.0,0.0,0,173,CONTINUAR EXPLORACAO
1970-01-01 00:03:26,40.712869,-74.006086,6,4,1.7,5.4,26.0,651,3,207,0,79.7,0,1.1,0,27,False,0.0,0.0,0,135,CONTINUAR EXPLORACAO
1970-01-01 00:03:27,40.712874,-74.006096,7,4,1.7,4.8,25.0,730,3,215,0,79.6,0,-1.0,0,26,False,0.0,0.0,0,93,CONTINUAR EXPLORACAO
1970-01-01 00:03:28,40.712858,-74.006101,8,4,1.7,4.6,25.5,875,7,201,0,79.6,0,0.5,0,26,False,24.6,49.2,0,231,CONTINUAR EXPLORACAO
1970-01-01 00:03:29,40.71287,-74.006097,9,4,1.7,4.4,25.6,1086,0,210,0,79.5,1,0.1,0,25,True,100.0,200.0,0,157,INICIAR RESGATE (ALTA CONFIANÇA DA IA)
1970-01-01 00:03:30,40.712882,-74.006088,10,4,1.7,5.2,24.5,1345,3,198,0,79.3,1,-1.1,0,27,True,100.0,200.0,0,283,INICIAR RESGATE (ALTA CONFIANÇA DA IA)
1970-01-01 00:03:31,40.712868,-74.006079,11,4,1.6,5.3,25.7,1513,-5,202,0,79.2,1,1.2,0,26,True,100.0,200.0,0,251,INICIAR RESGATE (ALTA CONFIANÇA DA IA)
1970-01-01 00:03:32,40.712867,-74.006094,12,4,1.6,5.3,25.7,1360,4,222,0,79.1,1,0.0,0,26,True,100.0,200.0,0,161,INICIAR RESGATE (ALTA CONFIANÇA DA IA)
1970-01-01 00:03:33,40.71288,-74.006104,13,4,1.7,4.3,26.6,1060,3,209,0,79.1,1,0.9,0,25,True,100.0,200.0,0,316,INICIAR RESGATE (ALTA CONFIANÇA DA IA)
1970-01-01 00:03:34,40.712884,-74.0061,14,4,1.8,3.9,24.9,895,3,204,0,79.1,0,-1.7,0,25,False,1.9,3.8,0,121,CONTINUAR EXPLORACAO
1970-01-01 00:03:35,40.712886,-74.006103,15,4,1.8,3.3,25.8,731,2,231,0,79.0,0,0.9,0,24,False,0.1,0.2,0,180,CONTINUAR EXPLORACAO
1970-01-01 00:03:36,40.712887,-74.006105,16,4,1.8,2.7,24.9,674,-1,224,0,79.0,0,-0.9,0,23,False,0.0,0.0,0,26,CONTINUAR EXPLORACAO
1970-01-01 00:03:37,40.712885,-74.006099,17,4,1.9,2.8,24.8,578,-2,206,0,78.9,0,-0.1,0,24,False,0.0,0.0,0,49,CONTINUAR EXPLORACAO
1970-01-01 00:03:38,40.712879,-74.006098,18,4,1.8,1.9,24.3,542,1,228,0,78.9,0,-0.5,0,21,False,0.0,0.0,0,32,CONTINUAR EXPLORACAO
1970-01-01 00:03:39,40.712873,-74.006092,19,4,1.8,1.7,25.1,510,4,222,0,78.8,0,0.8,0,21,False,0.0,0.0,0,61,CONTINUAR EXPLORACAO
1970-01-01 00:03:40,40.71285,-74.00611,20,4,1.8,2.2,26.0,529,-1,224,0,78.7,0,0.9,0,22,False,0.0,0.0,0,22,CONTINUAR EXPLORACAO
1970-01-01 00:03:41,40.712842,-74.006099,21,4,1.9,1.8,26.2,537,6,234,0,78.6,0,0.2,0,22,False,0.0,0.0,0,197,CONTINUAR EXPLORACAO
1970-01-01 00:03:42,40.71284,-74.006098,22,4,1.9,0.2,24.5,548,2,204,0,78.7,0,-1.7,0,19,False,0.0,0.0,0,1,CONTINUAR EXPLORACAO
1970-01-01 00:03:43,40.712838,-74.006113,23,4,1.9,0.0,25.3,563,0,207,0,78.6,0,0.8,0,19,False,0.0,0.0,0,111,CONTINUAR EXPLORACAO
1970-01-01 00:03:44,40.712829,-74.006103,24,4,1.9,0.0,25.5,591,3,226,0,78.5,0,0.2,0,19,False,0.0,0.0,0,75,CONTINUAR EXPLORACAO
1970-01-01 00:03:45,40.712836,-74.006107,25,4,1.8,0.5,25.9,599,-3,234,0,78.4,0,0.4,0,19,False,0.0,0.0,0,184,CONTINUAR EXPLORACAO
1970-01-01 00:03:46,40.712838,-74.006114,26,4,1.8,1.0,24.0,639,-2,224,0,78.2,0,-1.9,0,20,False,0.0,0.0,0,76,CONTINUAR EXPLORACAO
1970-01-01 00:03:47,40.712832,-74.006086,27,4,1.9,0.0,25.3,668,-7,207,0,78.2,0,1.3,0,19,False,0.0,0.0,0,120,CONTINUAR EXPLORACAO
1970-01-01 00:03:48,40.71283,-74.006071,28,4,1.8,0.0,24.7,751,2,218,0,78.1,0,-0.6,0,18,False,0.0,0.0,0,145,CONTINUAR EXPLORACAO
1970-01-01 00:03:49,40.712829,-74.006047,29,4,1.9,0.0,24.8,895,-5,212,0,78.0,0,0.1,0,19,True,61.5,123.0,0,219,CONTINUAR EXPLORACAO
1970-01-01 00:03:50,40.712803,-74.006051,30,4,1.8,0.0,25.7,1043,-1,239,0,77.9,1,0.9,0,18,True,100.0,200.0,0,311,INICIAR RESGATE (ALTA CONFIANÇA DA IA)
1970-01-01 00:03:51,40.712819,-74.006053,31,4,1.8,0.4,25.4,1089,2,219,0,77.8,1,-0.3,0,18,True,100.0,200.0,0,188,INICIAR RESGATE (ALTA CONFIANÇA DA IA)
1970-01-01 00:03:52,40.712803,-74.006067,32,4,1.8,0.0,24.8,1027,-1,223,0,77.7,1,-0.6,0,18,True,99.5,199.0,0,151,INICIAR RESGATE (ALTA CONFIANÇA DA IA)
1970-01-01 00:03:53,40.712802,-74.006052,33,4,1.7,0.0,24.9,863,7,219,0,77.6,0,0.1,0,17,False,7.9,15.8,0,157,CONTINUAR EXPLORACAO
1970-01-01 00:03:54,40.712794,-74.006039,34,4,1.7,0.0,25.1,761,-6,228,0,77.5,0,0.2,0,17,False,0.3,0.6,0,65,CONTINUAR EXPLORACAO
1970-01-01 00:03:55,40.712791,-74.006032,35,4,1.7,0.0,25.5,668,1,211,0,77.4,0,0.4,0,17,False,0.0,0.0,0,8,CONTINUAR EXPLORACAO
1970-01-01 00:03:56,40.712788,-74.006041,36,4,1.8,0.0,25.6,569,-1,236,0,77.3,0,0.1,0,18,False,0.0,0.0,0,40,CONTINUAR EXPLORACAO
1970-01-01 00:03:57,40.712778,-74.006034,37,4,1.7,0.0,24.9,540,-3,240,0,77.2,0,-0.7,0,17,False,0.0,0.0,0,53,CONTINUAR EXPLORACAO
1970-01-01 00:03:58,40.71277,-74.00603,38,4,1.7,0.4,25.2,537,-2,218,0,77.1,0,0.3,0,17,False,0.0,0.0,0,186,CONTINUAR EXPLORACAO
1970-01-01 00:03:59,40.712781,-74.006042,39,4,1.7,0.0,25.9,471,2,225,0,77.1,0,0.7,0,17,False,0.0,0.0,0,109,CONTINUAR EXPLORACAO
1970-01-01 00:04:00,40.712769,-74.006042,40,4,1.6,0.0,24.6,497,-6,233,0,77.0,0,-1.3,0,16,False,0.0,0.0,0,81,CONTINUAR EXPLORACAO
1970-01-01 00:04:01,40.712773,-74.006039,41,4,1.6,0.0,25.5,469,1,228,0,76.9,0,0.9,0,16,False,0.0,0.0,0,119,CONTINUAR EXPLORACAO
1970-01-01 00:04:02,40.712772,-74.00602,42,4,1.6,0.0,24.2,471,7,240,0,76.8,0,-1.3,0,16,False,0.0,0.0,0,23,CONTINUAR EXPLORACAO
1970-01-01 00:04:03,40.712778,-74.006023,43,4,1.5,0.2,25.5,454,7,234,0,76.7,0,1.3,0,15,False,0.0,0.0,0,55,CONTINUAR EXPLORACAO
1970-01-01 00:04:04,40.712772,-74.006016,44,4,1.4,0.1,25.8,453,5,235,0,76.6,0,0.3,0,14,False,0.0,0.0,0,100,CONTINUAR EXPLORACAO
1970-01-01 00:04:05,40.712767,-74.006019,45,4,1.5,1.6,26.1,461,-3,227,0,76.3,0,0.3,0,18,False,0.0,0.0,0,103,CONTINUAR EXPLORACAO
1970-01-01 00:04:06,40.712772,-74.006015,46,4,1.5,0.4,25.1,471,-4,237,0,76.3,0,-1.0,0,15,False,0.0,0.0,0,160,CONTINUAR EXPLORACAO
1970-01-01 00:04:07,40.712753,-74.006018,47,4,1.4,0.3,25.6,476,-6,235,0,76.3,0,0.5,0,14,False,0.0,0.0,0,99,CONTINUAR EXPLORACAO
1970-01-01 00:04:08,40.712742,-74.006024,48,4,1.5,0.7,25.4,422,5,217,0,76.1,0,-0.2,0,16,False,0.0,0.0,0,44,CONTINUAR EXPLORACAO
1970-01-01 00:04:09,40.712756,-74.006031,49,4,1.6,2.2,25.9,386,-3,228,0,75.9,0,0.5,0,20,False,0.0,0.0,0,11,CONTINUAR EXPLORACAO
1970-01-01 00:04:10,40.712749,-74.006049,0,5,1.6,3.3,25.2,474,8,199,0,75.7,0,-0.7,0,22,False,0.0,0.0,0,125,CONTINUAR EXPLORACAO
1970-01-01 00:04:11,40.712761,-74.006057,1,5,1.6,1.9,24.6,489,-1,218,0,75.7,0,-0.6,0,19,False,0.0,0.0,0,176,CONTINUAR EXPLORACAO
1970-01-01 00:04:12,40.712747,-74.006055,2,5,1.6,3.9,24.6,518,1,217,0,75.4,0,0.0,0,23,False,0.0,0.0,0,44,CONTINUAR EXPLORACAO
1970-01-01 00:04:13,40.712753,-74.006067,3,5,1.7,5.7,25.2,514,-6,214,0,75.1,0,0.6,0,28,False,0.0,0.0,0,163,CONTINUAR EXPLORACAO
1970-01-01 00:04:14,40.712762,-74.006063,4,5,1.7,3.9,25.4,532,1,203,0,75.2,0,0.2,0,24,False,0.0,0.0,0,101,CONTINUAR EXPLORACAO
1970-01-01 00:04:15,40.712755,-74.006059,5,5,1.6,4.6,25.6,605,-1,219,0,75.1,0,0.2,0,25,False,0.0,0.0,0,97,CONTINUAR EXPLORACAO
1970-01-01 00:04:16,40.712767,-74.006071,6,5,1.6,3.9,25.9,636,-3,224,0,75.0,0,0.3,0,23,False,0.0,0.0,0,40,CONTINUAR EXPLORACAO
1970-01-01 00:04:17,40.712775,-74.006072,7,5,1.6,3.0,24.9,748,6,218,0,75.0,0,-1.0,0,22,False,0.0,0.0,0,198,CONTINUAR EXPLORACAO
1970-01-01 00:04:18,40.712777,-74.006059,8,5,1.5,2.5,25.1,895,9,219,0,75.0,0,0.2,0,20,False,30.0,60.0,0,203,CONTINUAR EXPLORACAO
1970-01-01 00:04:19,40.712778,-74.00607,9,5,1.6,4.0,25.2,1184,1,212,0,74.7,1,0.1,0,24,True,100.0,200.0,0,148,INICIAR RESGATE (ALTA CONFIANÇA DA IA)
1970-01-01 00:04:20,40.712778,-74.006087,10,5,1.5,2.9,24.7,1539,0,233,0,74.8,1,-0.5,0,20,True,100.0,200.0,0,215,INICIAR RESGATE (ALTA CONFIANÇA DA IA)
1970-01-01 00:04:21,40.712758,-74.006085,11,5,1.5,3.8,24.9,1721,0,214,0,74.6,1,0.2,0,22,True,100.0,200.0,0,216,INICIAR RESGATE (ALTA CONFIANÇA DA IA)
1970-01-01 00:04:22,40.712762,-74.006061,12,5,1.6,4.2,24.3,1527,1,212,0,74.4,1,-0.6,0,24,True,100.0,200.0,0,244,INICIAR RESGATE (ALTA CONFIANÇA DA IA)
1970-01-01 00:04:23,40.712771,-74.00606,13,5,1.6,3.6,23.8,1163,8,218,0,74.4,1,-0.5,0,23,True,100.0,200.0,0,276,INICIAR RESGATE (ALTA CONFIANÇA DA IA)
1970-01-01 00:04:24,40.712774,-74.006059,14,5,1.5,4.7,25.3,925,2,221,0,74.2,0,1.5,0,24,True,98.2,196.4,0,147,INICIAR RESGATE (ALTA CONFIANÇA DA IA)
1970-01-01 00:04:25,40.712772,-74.00606,15,5,1.5,6.9,25.4,788,-1,216,0,73.9,0,0.1,0,28,False,0.6,1.2,0,104,CONTINUAR EXPLORACAO
1970-01-01 00:04:26,40.712768,-74.006058,16,5,1.5,8.1,25.3,657,0,202,0,73.7,0,-0.1,0,31,False,0.0,0.0,0,199,CONTINUAR EXPLORACAO
1970-01-01 00:04:27,40.712758,-74.006055,17,5,1.4,9.7,24.8,612,4,212,0,73.4,0,-0.5,0,33,False,0.0,0.0,0,191,CONTINUAR EXPLORACAO
1970-01-01 00:04:28,40.712758,-74.00606,18,5,1.4,10.2,25.1,553,5,208,0,73.3,0,0.3,0,34,False,0.0,0.0,0,27,CONTINUAR EXPLORACAO
1970-01-01 00:04:29,40.712765,-74.006066,19,5,1.4,10.0,25.2,527,6,203,0,73.2,0,0.1,0,34,False,0.0,0.0,0,18,CONTINUAR EXPLORACAO
1970-01-01 00:04:30,40.712767,-74.006063,20,5,1.4,9.1,24.8,551,5,211,0,73.2,0,-0.4,0,32,False,0.0,0.0,0,150,CONTINUAR EXPLORACAO
1970-01-01 00:04:31,40.712777,-74.006067,21,5,1.4,9.7,25.3,563,-8,235,0,73.0,0,0.5,0,33,False,0.0,0.0,0,73,CONTINUAR EXPLORACAO
1970-01-01 00:04:32,40.712771,-74.006077,22,5,1.4,8.9,24.9,529,4,208,0,73.0,0,-0.4,0,31,False,0.0,0.0,0,12,CONTINUAR EXPLORACAO
1970-01-01 00:04:33,40.71277,-74.006091,23,5,1.4,10.1,25.4,539,1,201,0,72.8,0,0.5,0,34,False,0.0,0.0,0,83,CONTINUAR EXPLORACAO
1970-01-01 00:04:34,40.712772,-74.006107,24,5,1.5,10.6,25.4,545,-2,241,0,72.6,0,0.0,0,36,False,0.0,0.0,0,170,CONTINUAR EXPLORACAO
1970-01-01 00:04:35,40.712765,-74.006099,25,5,1.6,11.9,24.5,597,1,228,0,72.4,0,-0.9,0,39,False,0.0,0.0,0,109,CONTINUAR EXPLORACAO
1970-01-01 00:04:36,40.712787,-74.006094,26,5,1.6,11.3,25.4,660,0,226,0,72.4,0,0.9,0,38,False,0.0,0.0,0,106,CONTINUAR EXPLORACAO
1970-01-01 00:04:37,40.712793,-74.006082,27,5,1.6,11.2,25.3,710,0,219,0,72.3,0,-0.1,0,38,False,0.0,0.0,0,111,CONTINUAR EXPLORACAO
1970-01-01 00:04:38,40.712801,-74.006086,28,5,1.7,12.2,25.5,821,-2,221,0,72.1,0,0.2,0,41,False,3.6,7.2,0,10,CONTINUAR EXPLORACAO
1970-01-01 00:04:39,40.712818,-74.006065,29,5,1.6,14.5,25.2,1074,-1,243,0,71.8,1,-0.3,0,45,True,100.0,200.0,0,155,INICIAR RESGATE (ALTA CONFIANÇA DA IA)
1970-01-01 00:04:40,40.712818,-74.006065,30,5,1.6,14.1,25.1,1330,1,236,0,71.7,1,-0.1,0,44,True,100.0,200.0,0,292,INICIAR RESGATE (ALTA CONFIANÇA DA IA)
1970-01-01 00:04:41,40.712817,-74.006071,31,5,1.6,14.2,25.4,1443,-3,231,0,71.6,1,0.3,0,44,True,100.0,200.0,0,247,INICIAR RESGATE (ALTA CONFIANÇA DA IA)
1970-01-01 00:04:42,40.712809,-74.006078,32,5,1.6,14.8,25.6,1298,-3,228,0,71.4,1,0.2,0,45,True,100.0,200.0,0,154,INICIAR RESGATE (ALTA CONFIANÇA DA IA)
1970-01-01 00:04:43,40.71282,-74.00608,33,5,1.6,15.0,25.4,1038,-8,226,0,71.3,1,-0.2,0,46,True,99.9,199.8,0,322,INICIAR RESGATE (ALTA CONFIANÇA DA IA)
1970-01-01 00:04:44,40.712827,-74.006076,34,5,1.6,15.0,25.2,856,-1,222,0,71.2,0,-0.2,0,46,False,8.3,16.6,0,80,CONTINUAR EXPLORACAO
1970-01-01 00:04:45,40.712813,-74.006087,35,5,1.6,14.3,24.3,685,4,225,0,71.2,0,-0.9,0,44,False,0.0,0.0,0,116,CONTINUAR EXPLORACAO
1970-01-01 00:04:46,40.712819,-74.006098,36,5,1.7,14.0,25.4,644,-2,244,0,71.1,0,1.1,0,45,False,0.0,0.0,0,60,CONTINUAR EXPLORACAO
1970-01-01 00:04:47,40.712827,-74.006092,37,5,1.7,14.9,25.0,573,5,238,0,71.0,0,-0.4,0,46,False,0.0,0.0,0,140,CONTINUAR EXPLORACAO
1970-01-01 00:04:48,40.712827,-74.006086,38,5,1.7,15.0,25.2,540,-2,226,0,70.9,0,0.2,0,47,False,0.0,0.0,0,6,CONTINUAR EXPLORACAO
1970-01-01 00:04:49,40.712823,-74.006089,39,5,1.9,12.7,24.1,541,4,233,0,71.0,0,-1.1,0,44,False,0.0,0.0,0,142,CONTINUAR EXPLORACAO
1970-01-01 00:04:50,40.712812,-74.006089,40,5,1.9,12.6,25.6,497,0,241,0,70.9,0,1.5,0,44,False,0.0,0.0,0,27,CONTINUAR EXPLORACAO
1970-01-01 00:04:51,40.712805,-74.006082,41,5,1.9,11.8,25.7,486,-2,224,0,70.9,0,0.1,0,42,False,0.0,0.0,0,56,CONTINUAR EXPLORACAO
1970-01-01 00:04:52,40.712792,-74.006085,42,5,1.9,11.2,25.4,474,4,234,0,70.8,0,-0.3,0,41,False,0.0,0.0,0,99,CONTINUAR EXPLORACAO
1970-01-01 00:04:53,40.712783,-74.006064,43,5,1.9,10.2,25.1,462,-1,245,0,70.9,0,-0.3,0,39,False,0.0,0.0,0,3,CONTINUAR EXPLORACAO
1970-01-01 00:04:54,40.71278,-74.006062,44,5,1.9,9.2,25.1,458,0,233,0,70.9,0,0.0,0,37,False,0.0,0.0,0,25,CONTINUAR EXPLORACAO
1970-01-01 00:04:55,40.712779,-74.006068,45,5,1.9,10.2,25.6,438,-5,248,0,70.7,0,0.5,0,39,False,0.0,0.0,0,44,CONTINUAR EXPLORACAO
1970-01-01 00:04:56,40.712769,-74.006057,46,5,1.9,9.0,24.2,412,3,237,0,70.7,0,-1.4,0,37,False,0.0,0.0,0,76,CONTINUAR EXPLORACAO
1970-01-01 00:04:57,40.712772,-74.006045,47,5,1.8,10.1,25.7,461,1,249,0,70.5,0,1.5,0,38,False,0.0,0.0,0,11,CONTINUAR EXPLORACAO
1970-01-01 00:04:58,40.712785,-74.006051,48,5,1.8,11.2,24.6,408,-4,242,0,70.3,0,-1.1,0,40,False,0.0,0.0,0,26,CONTINUAR EXPLORACAO
1970-01-01 00:04:59,40.712769,-74.006038,49,5,1.7,12.3,25.2,439,2,247,0,70.1,0,0.6,0,41,False,0.0,0.0,0,179,CONTINUAR EXPLORACAO
1970-01-01 00:05:00,40.71277,-74.006038,0,6,1.9,13.1,25.8,469,0,198,0,69.9,0,0.6,0,45,False,0.0,0.0,0,31,CONTINUAR EXPLORACAO
1970-01-01 00:05:01,40.712769,-74.006027,1,6,1.8,12.3,25.5,482,2,208,0,69.9,0,-0.3,0,42,False,0.0,0.0,0,142,CONTINUAR EXPLORACAO
1970-01-01 00:05:02,40.71276,-74.006035,2,6,1.9,12.3,25.3,471,-1,213,0,69.8,0,-0.2,0,43,False,0.0,0.0,0,123,CONTINUAR EXPLORACAO
1970-01-01 00:05:03,40.712763,-74.00605,3,6,1.9,11.8,25.7,545,-9,203,0,69.7,0,0.4,0,42,False,0.0,0.0,0,102,CONTINUAR EXPLORACAO
1970-01-01 00:05:04,40.712751,-74.006064,4,6,2.0,10.5,24.7,546,-7,208,0,69.8,0,-1.0,0,41,False,0.0,0.0,0,89,CONTINUAR EXPLORACAO
1970-01-01 00:05:05,40.712749,-74.006089,5,6,1.9,9.5,25.2,612,-6,209,0,69.8,0,0.5,0,38,False,0.0,0.0,0,95,CONTINUAR EXPLORACAO
1970-01-01 00:05:06,40.712767,-74.006097,6,6,1.8,9.5,24.6,654,8,208,0,69.7,0,-0.6,0,37,False,0.0,0.0,0,56,CONTINUAR EXPLORACAO
1970-01-01 00:05:07,40.712781,-74.006101,7,6,1.8,9.8,25.5,687,-2,215,0,69.5,0,0.9,0,37,False,0.0,0.0,0,196,CONTINUAR EXPLORACAO
1970-01-01 00:05:08,40.712783,-74.00611,8,6,1.8,10.5,24.3,873,-6,214,0,69.4,0,-1.2,0,39,False,4.9,9.8,0,123,CONTINUAR EXPLORACAO
1970-01-01 00:05:09,40.712781,-74.006112,9,6,1.8,10.8,25.0,1096,-13,220,0,69.3,1,0.7,0,39,True,100.0,200.0,0,195,INICIAR RESGATE (ALTA CONFIANÇA DA IA)
1970-01-01 00:05:10,40.712783,-74.006103,10,6,1.8,9.0,24.3,1380,0,224,0,69.3,1,-0.7,0,36,True,100.0,200.0,0,158,INICIAR RESGATE (ALTA CONFIANÇA DA IA)
1970-01-01 00:05:11,40.712777,-74.006105,11,6,1.8,9.8,24.1,1519,-5,206,0,69.2,1,-0.2,0,37,True,100.0,200.0,0,253,INICIAR RESGATE (ALTA CONFIANÇA DA IA)
1970-01-01 00:05:12,40.712777,-74.006097,12,6,1.9,9.6,25.1,1359,-6,219,0,69.1,1,1.0,0,38,True,100.0,200.0,0,278,INICIAR RESGATE (ALTA CONFIANÇA DA IA)
1970-01-01 00:05:13,40.712781,-74.006106,13,6,1.9,9.3,25.5,1092,-5,223,0,69.0,1,0.4,0,37,True,100.0,200.0,0,289,INICIAR RESGATE (ALTA CONFIANÇA DA IA)
1970-01-01 00:05:14,40.712789,-74.00611,14,6,2.0,8.3,24.9,896,-1,235,0,69.0,0,-0.6,0,36,False,20.6,41.2,0,219,CONTINUAR EXPLORACAO
1970-01-01 00:05:15,40.712779,-74.006117,15,6,2.1,9.0,25.1,720,-4,194,0,68.9,0,0.2,0,39,False,0.0,0.0,0,7,CONTINUAR EXPLORACAO
1970-01-01 00:05:16,40.712768,-74.006113,16,6,2.1,8.1,25.4,601,-4,214,0,68.9,0,0.3,0,37,False,0.0,0.0,0,186,CONTINUAR EXPLORACAO
1970-01-01 00:05:17,40.712772,-74.006114,17,6,2.0,8.1,25.6,563,0,209,0,68.8,0,0.2,0,36,False,0.0,0.0,0,186,CONTINUAR EXPLORACAO
1970-01-01 00:05:18,40.712756,-74.006115,18,6,2.0,7.0,25.4,580,1,216,0,68.8,0,-0.2,0,34,False,0.0,0.0,0,90,CONTINUAR EXPLORACAO
1970-01-01 00:05:19,40.71275,-74.006106,19,6,2.0,6.3,25.0,541,0,214,0,68.7,0,-0.4,0,32,False,0.0,0.0,0,83,CONTINUAR EXPLORACAO
1970-01-01 00:05:20,40.712757,-74.006104,20,6,2.0,6.6,25.0,546,3,222,0,68.6,0,0.0,0,33,False,0.0,0.0,0,70,CONTINUAR EXPLORACAO
1970-01-01 00:05:21,40.712762,-74.006092,21,6,2.0,6.4,25.7,522,0,222,0,68.5,0,0.7,0,32,False,0.0,0.0,0,142,CONTINUAR EXPLORACAO
1970-01-01 00:05:22,40.712764,-74.006097,22,6,2.0,5.0,24.7,510,-8,216,0,68.6,0,-1.0,0,30,False,0.0,0.0,0,163,CONTINUAR EXPLORACAO
1970-01-01 00:05:23,40.71275,-74.006115,23,6,2.0,4.9,26.1,532,6,210,0,68.5,0,1.4,0,29,False,0.0,0.0,0,23,CONTINUAR EXPLORACAO
1970-01-01 00:05:24,40.712748,-74.00612,24,6,2.1,5.2,25.4,589,0,216,0,68.4,0,-0.7,0,31,False,0.0,0.0,0,200,CONTINUAR EXPLORACAO
1970-01-01 00:05:25,40.712737,-74.006115,25,6,2.1,6.1,24.9,611,4,225,0,68.2,0,-0.5,0,33,False,0.0,0.0,0,33,CONTINUAR EXPLORACAO
1970-01-01 00:05:26,40.71274,-74.006115,26,6,2.1,6.4,25.1,683,-5,213,0,68.1,0,0.2,0,33,False,0.0,0.0,0,18,CONTINUAR EXPLORACAO
1970-01-01 00:05:27,40.712732,-74.006118,27,6,2.1,6.3,24.6,703,3,212,0,68.0,0,-0.5,0,33,False,0.0,0.0,0,111,CONTINUAR EXPLORACAO
1970-01-01 00:05:28,40.712728,-74.006121,28,6,2.1,8.2,25.3,857,-5,215,0,67.7,0,0.7,0,37,False,41.5,83.0,0,145,CONTINUAR EXPLORACAO
1970-01-01 00:05:29,40.712718,-74.006121,29,6,2.1,7.9,25.9,1078,-12,235,0,67.6,1,0.6,0,36,True,100.0,200.0,0,177,INICIAR RESGATE (ALTA CONFIANÇA DA IA)
1970-01-01 00:05:30,40.712728,-74.006101,30,6,2.0,7.8,26.2,1459,-4,220,0,67.5,1,0.3,0,35,True,100.0,200.0,0,247,INICIAR RESGATE (ALTA CONFIANÇA DA IA)
1970-01-01 00:05:31,40.712716,-74.006101,31,6,2.0,7.8,25.7,1696,-7,238,0,67.4,1,-0.5,0,35,True,100.0,200.0,0,270,INICIAR RESGATE (ALTA CONFIANÇA DA IA)
1970-01-01 00:05:32,40.712733,-74.006099,32,6,2.0,9.8,24.9,1442,-9,221,0,67.1,1,-0.8,0,39,True,100.0,200.0,0,156,INICIAR RESGATE (ALTA CONFIANÇA DA IA)
1970-01-01 00:05:33,40.71275,-74.006096,33,6,2.0,9.6,24.5,1150,-3,214,0,67.1,1,-0.4,0,39,True,100.0,200.0,0,296,INICIAR RESGATE (ALTA CONFIANÇA DA IA)
1970-01-01 00:05:34,40.712749,-74.00609,34,6,1.9,8.2,25.0,889,1,227,0,67.1,0,0.5,0,35,True,55.8,111.6,0,207,CONTINUAR EXPLORACAO
1970-01-01 00:05:35,40.712742,-74.006099,35,6,1.9,8.6,25.0,722,-2,240,0,67.0,0,0.0,0,36,False,0.0,0.0,0,107,CONTINUAR EXPLORACAO
1970-01-01 00:05:36,40.712747,-74.006091,36,6,1.9,9.8,24.9,644,-5,233,0,66.8,0,-0.1,0,38,False,0.0,0.0,0,122,CONTINUAR EXPLORACAO
1970-01-01 00:05:37,40.712745,-74.00608,37,6,1.8,9.8,25.1,562,11,244,0,66.7,0,0.2,0,37,False,0.0,0.0,0,151,CONTINUAR EXPLORACAO
1970-01-01 00:05:38,40.712753,-74.006071,38,6,1.8,10.5,24.7,522,-12,242,0,66.5,0,-0.4,0,39,False,0.0,0.0,0,134,CONTINUAR EXPLORACAO
1970-01-01 00:05:39,40.71275,-74.006082,39,6,1.8,7.6,25.1,493,-13,238,0,66.7,0,0.4,0,33,False,0.0,0.0,0,128,CONTINUAR EXPLORACAO
1970-01-01 00:05:40,40.712758,-74.006096,40,6,1.9,7.2,25.5,452,0,213,0,66.6,0,0.4,0,33,False,0.0,0.0,0,3,CONTINUAR EXPLORACAO
1970-01-01 00:05:41,40.712755,-74.006087,41,6,2.0,7.4,25.0,490,-1,253,0,66.5,0,-0.5,0,34,False,0.0,0.0,0,4,CONTINUAR EXPLORACAO
1970-01-01 00:05:42,40.71275,-74.006077,42,6,2.0,8.4,25.5,485,8,242,0,66.3,0,0.5,0,36,False,0.0,0.0,0,41,CONTINUAR EXPLORACAO
1970-01-01 00:05:43,40.71275,-74.006072,43,6,1.9,9.4,24.8,469,4,238,0,66.1,0,-0.7,0,37,False,0.0,0.0,0,152,CONTINUAR EXPLORACAO
1970-01-01 00:05:44,40.712761,-74.00605,44,6,1.8,8.1,25.9,473,0,238,0,66.2,0,1.1,0,34,False,0.0,0.0,0,88,CONTINUAR EXPLORACAO
1970-01-01 00:05:45,40.712765,-74.006052,45,6,1.8,8.8,25.5,438,-2,238,0,66.0,0,-0.4,0,35,False,0.0,0.0,0,53,CONTINUAR EXPLORACAO
1970-01-01 00:05:46,40.712784,-74.006042,46,6,1.9,8.6,25.3,401,0,231,0,65.9,0,-0.2,0,36,False,0.0,0.0,0,21,CONTINUAR EXPLORACAO
1970-01-01 00:05:47,40.712796,-74.006033,47,6,1.9,9.0,25.5,408,-4,249,0,65.8,0,0.2,0,37,False,0.0,0.0,0,129,CONTINUAR EXPLORACAO
1970-01-01 00:05:48,40.712779,-74.006036,48,6,1.9,10.4,25.8,445,2,242,0,65.6,0,0.3,0,39,False,0.0,0.0,0,143,CONTINUAR EXPLORACAO
1970-01-01 00:05:49,40.712782,-74.006029,49,6,1.9,10.7,25.2,425,-8,259,0,65.4,0,-0.6,0,40,False,0.0,0.0,0,97,CONTINUAR EXPLORACAO
1970-01-01 00:05:50,40.712765,-74.006037,0,7,1.9,10.8,25.8,474,-10,214,0,65.3,0,0.6,0,40,False,0.0,0.0,0,130,CONTINUAR EXPLORACAO
1970-01-01 00:05:51,40.712763,-74.006027,1,7,1.8,12.1,24.6,459,-5,212,0,65.1,0,-1.2,0,42,False,0.0,0.0,0,155,CONTINUAR EXPLORACAO
1970-01-01 00:05:52,40.712784,-74.006026,2,7,1.9,11.2,24.8,524,2,210,0,65.1,0,0.2,0,41,False,0.0,0.0,0,60,CONTINUAR EXPLORACAO
1970-01-01 00:05:53,40.712788,-74.006033,3,7,1.9,12.2,25.4,518,-4,207,0,64.9,0,0.6,0,43,False,0.0,0.0,0,62,CONTINUAR EXPLORACAO
1970-01-01 00:05:54,40.712798,-74.006029,4,7,1.9,14.8,25.4,543,-5,213,0,64.5,0,0.0,0,48,False,0.0,0.0,0,167,CONTINUAR EXPLORACAO
1970-01-01 00:05:55,40.712779,-74.006034,5,7,2.0,14.4,24.9,569,0,216,0,64.5,0,-0.5,0,48,False,0.0,0.0,0,140,CONTINUAR EXPLORACAO
1970-01-01 00:05:56,40.712775,-74.006045,6,7,2.0,13.4,25.8,632,5,225,0,64.5,0,0.9,0,46,False,0.0,0.0,0,89,CONTINUAR EXPLORACAO
1970-01-01 00:05:57,40.712768,-74.006039,7,7,1.9,12.5,25.7,656,-2,208,0,64.5,0,-0.1,0,44,False,0.0,0.0,0,131,CONTINUAR EXPLORACAO
1970-01-01 00:05:58,40.712759,-74.00604,8,7,2.0,11.4,24.8,783,-3,206,0,64.5,0,-0.9,0,42,False,0.1,0.2,0,137,CONTINUAR EXPLORACAO
1970-01-01 00:05:59,40.712749,-74.006038,9,7,1.8,12.0,24.7,946,6,205,0,64.3,0,-0.1,0,42,True,79.2,158.4,0,291,INICIAR RESGATE (ALTA CONFIANÇA DA IA)
1970-01-01 00:06:00,40.712743,-74.006029,10,7,1.9,10.9,25.9,1082,-3,215,0,64.4,1,1.2,0,40,True,100.0,200.0,0,242,INICIAR RESGATE (ALTA CONFIANÇA DA IA)
1970-01-01 00:06:01,40.712759,-74.006046,11,7,1.9,10.8,25.9,1158,-2,202,0,64.3,1,0.0,0,40,True,100.0,200.0,0,269,INICIAR RESGATE (ALTA CONFIANÇA DA IA)
1970-01-01 00:06:02,40.712763,-74.006046,12,7,1.8,9.7,25.4,1050,0,194,0,64.3,1,-0.5,0,37,True,99.8,199.6,0,236,INICIAR RESGATE (ALTA CONFIANÇA DA IA)
1970-01-01 00:06:03,40.71275,-74.006046,13,7,1.9,10.7,25.3,951,0,208,0,64.1,0,-0.1,0,40,True,90.3,180.6,0,270,INICIAR RESGATE (ALTA CONFIANÇA DA IA)
1970-01-01 00:06:04,40.712736,-74.006044,14,7,1.9,10.5,25.1,776,-4,216,0,64.0,0,-0.2,0,40,False,0.2,0.4,0,156,CONTINUAR EXPLORACAO
1970-01-01 00:06:05,40.712739,-74.006039,15,7,1.9,10.7,25.0,727,-3,229,0,63.9,0,-0.1,0,40,False,0.0,0.0,0,83,CONTINUAR EXPLORACAO
1970-01-01 00:06:06,40.712728,-74.006047,16,7,1.9,10.9,25.8,604,-3,226,0,63.8,0,0.8,0,40,False,0.0,0.0,0,92,CONTINUAR EXPLORACAO
1970-01-01 00:06:07,40.712736,-74.00603,17,7,1.9,10.6,24.6,578,0,219,0,63.7,0,-1.2,0,40,False,0.0,0.0,0,196,CONTINUAR EXPLORACAO
1970-01-01 00:06:08,40.712733,-74.006029,18,7,1.8,11.0,25.0,566,-1,208,0,63.6,0,0.4,0,40,False,0.0,0.0,0,199,CONTINUAR EXPLORACAO
1970-01-01 00:06:09,40.712743,-74.006042,19,7,1.8,9.8,25.1,537,2,197,0,63.6,0,0.1,0,37,False,0.0,0.0,0,82,CONTINUAR EXPLORACAO
1970-01-01 00:06:10,40.712741,-74.00603,20,7,1.8,8.7,24.4,544,8,226,0,63.6,0,-0.7,0,35,False,0.0,0.0,0,88,CONTINUAR EXPLORACAO
1970-01-01 00:06:11,40.712739,-74.006019,21,7,1.8,7.1,24.6,503,3,224,0,63.7,0,0.2,0,32,False,0.0,0.0,0,66,CONTINUAR EXPLORACAO
1970-01-01 00:06:12,40.71272,-74.006014,22,7,1.7,8.9,24.8,544,1,203,0,63.4,0,0.2,0,34,False,0.0,0.0,0,67,CONTINUAR EXPLORACAO
1970-01-01 00:06:13,40.712728,-74.00601,23,7,1.7,10.5,25.0,584,2,217,0,63.1,0,0.2,0,38,False,0.0,0.0,0,15,CONTINUAR EXPLORACAO
1970-01-01 00:06:14,40.71272,-74.006002,24,7,1.7,10.5,25.0,548,1,226,0,63.0,0,0.0,0,38,False,0.0,0.0,0,26,CONTINUAR EXPLORACAO
1970-01-01 00:06:15,40.712715,-74.005995,25,7,1.7,9.5,25.5,603,2,216,0,63.0,0,0.5,0,36,False,0.0,0.0,0,139,CONTINUAR EXPLORACAO
1970-01-01 00:06:16,40.712715,-74.005994,26,7,1.7,9.8,25.1,661,0,225,0,62.9,0,-0.4,0,36,False,0.0,0.0,0,181,CONTINUAR EXPLORACAO
1970-01-01 00:06:17,40.712708,-74.005996,27,7,1.7,9.7,24.8,725,4,215,0,62.8,0,-0.3,0,36,False,0.0,0.0,0,178,CONTINUAR EXPLORACAO
1970-01-01 00:06:18,40.7127,-74.005992,28,7,1.7,10.0,25.1,840,0,220,0,62.7,0,0.3,0,37,False,8.5,17.0,0,28,CONTINUAR EXPLORACAO
1970-01-01 00:06:19,40.712684,-74.005981,29,7,1.7,9.2,25.8,1022,-4,219,0,62.7,1,0.7,0,35,True,100.0,200.0,0,277,INICIAR RESGATE (ALTA CONFIANÇA DA IA)
1970-01-01 00:06:20,40.712675,-74.005983,30,7,1.6,9.3,24.9,1299,0,211,0,62.6,1,-0.9,0,34,True,100.0,200.0,0,227,INICIAR RESGATE (ALTA CONFIANÇA DA IA)
1970-01-01 00:06:21,40.712662,-74.00599,31,7,1.6,10.0,24.9,1487,-6,227,0,62.4,1,0.0,0,36,True,100.0,200.0,0,254,INICIAR RESGATE (ALTA CONFIANÇA DA IA)
1970-01-01 00:06:22,40.712674,-74.005992,32,7,1.6,9.4,25.0,1280,1,236,0,62.4,1,0.1,0,34,True,100.0,200.0,0,286,INICIAR RESGATE (ALTA CONFIANÇA DA IA)
1970-01-01 00:06:23,40.712672,-74.00598,33,7,1.5,9.6,24.5,1064,-3,226,0,62.3,1,-0.5,0,34,True,100.0,200.0,0,228,INICIAR RESGATE (ALTA CONFIANÇA DA IA)
1970-01-01 00:06:24,40.712652,-74.00598,34,7,1.6,8.0,24.0,855,-1,234,0,62.3,0,-0.5,0,32,False,4.8,9.6,0,132,CONTINUAR EXPLORACAO
1970-01-01 00:06:25,40.712655,-74.00597,35,7,1.5,7.6,26.2,743,2,244,0,62.3,0,2.2,0,30,False,2.5,5.0,0,46,CONTINUAR EXPLORACAO
1970-01-01 00:06:26,40.712652,-74.005976,36,7,1.5,7.9,25.1,601,-4,221,0,62.2,0,-1.1,0,30,False,0.0,0.0,0,154,CONTINUAR EXPLORACAO
1970-01-01 00:06:27,40.712657,-74.005968,37,7,1.5,7.1,25.4,590,4,232,0,62.1,0,0.3,0,29,False,0.0,0.0,0,99,CONTINUAR EXPLORACAO
1970-01-01 00:06:28,40.712657,-74.005974,38,7,1.6,5.5,25.4,537,-1,229,0,62.2,0,0.0,0,27,False,0.0,0.0,0,81,CONTINUAR EXPLORACAO
1970-01-01 00:06:29,40.712639,-74.005956,39,7,1.6,4.6,25.4,510,-2,242,0,62.2,0,0.0,0,25,False,0.0,0.0,0,128,CONTINUAR EXPLORACAO
1970-01-01 00:06:30,40.712641,-74.005968,40,7,1.7,5.3,25.7,502,-4,215,0,62.0,0,0.3,0,27,False,0.0,0.0,0,29,CONTINUAR EXPLORACAO
1970-01-01 00:06:31,40.712642,-74.005957,41,7,1.7,7.9,25.2,461,7,236,0,61.7,0,-0.5,0,32,False,0.0,0.0,0,115,CONTINUAR EXPLORACAO
1970-01-01 00:06:32,40.712647,-74.00596,42,7,1.7,9.5,25.1,442,9,257,0,61.4,0,-0.1,0,36,False,0.0,0.0,0,72,CONTINUAR EXPLORACAO
1970-01-01 00:06:33,40.712637,-74.00595,43,7,1.7,10.0,25.3,440,3,244,0,61.3,0,0.2,0,37,False,0.0,0.0,0,36,CONTINUAR EXPLORACAO
1970-01-01 00:06:34,40.712616,-74.005951,44,7,1.7,9.7,24.8,448,0,239,0,61.2,0,-0.5,0,36,False,0.0,0.0,0,145,CONTINUAR EXPLORACAO
1970-01-01 00:06:35,40.712619,-74.005958,45,7,1.7,8.9,25.2,443,3,223,0,61.2,0,0.4,0,34,False,0.0,0.0,0,108,CONTINUAR EXPLORACAO
1970-01-01 00:06:36,40.712608,-74.005945,46,7,1.7,9.5,25.2,473,3,226,0,61.0,0,0.0,0,36,False,0.0,0.0,0,166,CONTINUAR EXPLORACAO
1970-01-01 00:06:37,40.712618,-74.005954,47,7,1.7,10.0,25.1,434,6,257,0,60.9,0,-0.1,0,37,False,0.0,0.0,0,139,CONTINUAR EXPLORACAO
1970-01-01 00:06:38,40.712622,-74.005969,48,7,1.7,10.4,24.0,458,7,238,0,60.8,0,-1.1,0,37,False,0.0,0.0,0,60,CONTINUAR EXPLORACAO
1970-01-01 00:06:39,40.712623,-74.005976,49,7,1.8,10.3,24.5,454,4,240,0,60.7,0,0.5,0,38,False,0.0,0.0,0,190,CONTINUAR EXPLORACAO
1970-01-01 00:06:40,40.71263,-74.005979,0,8,1.8,9.0,24.4,483,3,215,0,60.7,0,-0.1,0,36,False,0.0,0.0,0,15,CONTINUAR EXPLORACAO
1970-01-01 00:06:41,40.712651,-74.005977,1,8,1.8,9.2,24.9,478,0,218,0,60.6,0,0.5,0,36,False,0.0,0.0,0,141,CONTINUAR EXPLORACAO
1970-01-01 00:06:42,40.712657,-74.005962,2,8,1.8,11.6,25.0,452,7,195,0,60.2,0,0.1,0,41,False,0.0,0.0,0,185,CONTINUAR EXPLORACAO
1970-01-01 00:06:43,40.712646,-74.005976,3,8,1.8,10.5,25.7,498,2,198,0,60.3,0,0.7,0,39,False,0.0,0.0,0,126,CONTINUAR EXPLORACAO
1970-01-01 00:06:44,40.712654,-74.005961,4,8,1.9,9.0,25.2,518,-6,219,0,60.3,0,-0.5,0,37,False,0.0,0.0,0,172,CONTINUAR EXPLORACAO
1970-01-01 00:06:45,40.712651,-74.00596,5,8,1.9,8.4,25.8,551,-4,212,0,60.3,0,0.6,0,35,False,0.0,0.0,0,185,CONTINUAR EXPLORACAO
1970-01-01 00:06:46,40.712662,-74.005948,6,8,1.8,7.3,25.8,630,-9,194,0,60.3,0,0.0,0,32,False,0.0,0.0,0,191,CONTINUAR EXPLORACAO
1970-01-01 00:06:47,40.712661,-74.005956,7,8,1.9,7.2,25.7,667,0,210,0,60.2,0,-0.1,0,33,False,0.0,0.0,0,120,CONTINUAR EXPLORACAO
1970-01-01 00:06:48,40.712649,-74.005955,8,8,1.8,7.8,25.4,686,2,203,0,60.1,0,-0.3,0,33,False,0.0,0.0,0,42,CONTINUAR EXPLORACAO
1970-01-01 00:06:49,40.712651,-74.005957,9,8,1.9,7.5,26.2,781,1,216,0,60.0,0,0.8,0,34,False,1.0,2.0,0,151,CONTINUAR EXPLORACAO
1970-01-01 00:06:50,40.712644,-74.005955,10,8,1.9,7.7,25.0,883,-2,209,0,59.9,0,-1.2,0,34,False,4.7,9.4,0,103,CONTINUAR EXPLORACAO
1970-01-01 00:06:51,40.712634,-74.005969,11,8,1.8,6.9,25.2,871,2,223,0,59.9,0,0.2,0,31,False,21.0,42.0,0,178,CONTINUAR EXPLORACAO
1970-01-01 00:06:52,40.71262,-74.005987,12,8,1.8,4.8,25.7,874,-7,210,0,60.0,0,0.5,0,27,True,61.2,122.4,0,86,CONTINUAR EXPLORACAO
1970-01-01 00:06:53,40.712622,-74.005986,13,8,1.9,5.9,25.2,794,1,210,0,59.8,0,-0.5,0,30,False,0.2,0.4,0,187,CONTINUAR EXPLORACAO
1970-01-01 00:06:54,40.712628,-74.005987,14,8,1.9,8.1,24.8,742,2,220,0,59.4,0,-0.4,0,35,False,0.0,0.0,0,18,CONTINUAR EXPLORACAO
1970-01-01 00:06:55,40.712605,-74.005991,15,8,1.9,8.9,25.3,641,3,221,0,59.3,0,0.5,0,36,False,0.0,0.0,0,121,CONTINUAR EXPLORACAO
1970-01-01 00:06:56,40.712621,-74.006,16,8,1.9,11.0,26.0,556,-1,212,0,59.0,0,0.7,0,41,False,0.0,0.0,0,82,CONTINUAR EXPLORACAO
1970-01-01 00:06:57,40.712613,-74.005992,17,8,1.8,10.7,24.5,594,-5,213,0,58.9,0,-1.5,0,39,False,0.0,0.0,0,1,CONTINUAR EXPLORACAO
1970-01-01 00:06:58,40.712627,-74.006002,18,8,1.9,8.6,26.1,553,2,226,0,59.0,0,1.6,0,36,False,0.0,0.0,0,186,CONTINUAR EXPLORACAO
1970-01-01 00:06:59,40.712622,-74.006004,19,8,1.8,8.1,25.3,543,-3,215,0,59.0,0,-0.8,0,34,False,0.0,0.0,0,163,CONTINUAR EXPLORACAO
1970-01-01 00:07:00,40.71263,-74.005995,20,8,1.9,7.5,25.5,513,3,207,0,58.9,0,0.2,0,34,False,0.0,0.0,0,95,CONTINUAR EXPLORACAO
1970-01-01 00:07:01,40.712626,-74.005988,21,8,1.8,8.2,26.5,510,0,229,0,58.8,0,1.0,0,34,False,0.0,0.0,0,40,CONTINUAR EXPLORACAO
1970-01-01 00:07:02,40.712607,-74.005991,22,8,1.8,9.6,24.7,535,-2,220,0,58.5,0,-1.8,0,37,False,0.0,0.0,0,94,CONTINUAR EXPLORACAO
1970-01-01 00:07:03,40.712603,-74.005978,23,8,1.9,9.7,25.0,525,1,228,0,58.4,0,0.3,0,38,False,0.0,0.0,0,148,CONTINUAR EXPLORACAO
1970-01-01 00:07:04,40.712619,-74.005963,24,8,1.9,8.9,26.0,534,9,226,0,58.4,0,1.0,0,36,False,0.0,0.0,0,124,CONTINUAR EXPLORACAO
1970-01-01 00:07:05,40.712604,-74.00595,25,8,1.9,7.5,25.3,605,8,203,0,58.4,0,-0.7,0,34,False,0.0,0.0,0,38,CONTINUAR EXPLORACAO
1970-01-01 00:07:06,40.712597,-74.005948,26,8,1.9,8.2,25.0,605,-4,229,0,58.3,0,-0.3,0,35,False,0.0,0.0,0,20,CONTINUAR EXPLORACAO
1970-01-01 00:07:07,40.712607,-74.005946,27,8,2.0,7.3,25.4,669,-2,235,0,58.3,0,0.4,0,34,False,0.0,0.0,0,126,CONTINUAR EXPLORACAO
1970-01-01 00:07:08,40.71261,-74.005945,28,8,2.1,7.8,25.2,802,7,220,0,58.1,0,-0.2,0,36,False,0.2,0.4,0,39,CONTINUAR EXPLORACAO
1970-01-01 00:07:09,40.712623,-74.005955,29,8,2.1,8.4,24.1,909,-1,231,0,58.0,0,-1.1,0,37,False,15.6,31.2,0,142,CONTINUAR EXPLORACAO
1970-01-01 00:07:10,40.712625,-74.005941,30,8,2.0,9.1,24.5,1054,1,237,0,57.8,1,0.4,0,38,True,100.0,200.0,0,149,INICIAR RESGATE (ALTA CONFIANÇA DA IA)
1970-01-01 00:07:11,40.712633,-74.005939,31,8,2.0,8.9,25.1,1114,-3,229,0,57.7,1,0.6,0,37,True,100.0,200.0,0,325,INICIAR RESGATE (ALTA CONFIANÇA DA IA)
1970-01-01 00:07:12,40.712631,-74.005944,32,8,1.9,7.2,25.2,1038,5,236,0,57.8,1,0.1,0,33,True,99.8,199.6,0,229,INICIAR RESGATE (ALTA CONFIANÇA DA IA)
1970-01-01 00:07:13,40.712639,-74.005934,33,8,1.9,8.3,25.8,959,4,245,0,57.6,0,0.6,0,35,True,97.1,194.2,0,176,INICIAR RESGATE (ALTA CONFIANÇA DA IA)
1970-01-01 00:07:14,40.712635,-74.005951,34,8,1.9,6.3,26.0,761,2,210,0,57.7,0,0.2,0,31,False,0.1,0.2,0,2,CONTINUAR EXPLORACAO
1970-01-01 00:07:15,40.712629,-74.005947,35,8,1.9,6.2,24.9,632,3,229,0,57.6,0,-1.1,0,31,False,0.0,0.0,0,43,CONTINUAR EXPLORACAO
1970-01-01 00:07:16,40.712623,-74.005951,36,8,1.9,6.2,25.3,640,1,226,0,57.5,0,0.4,0,31,False,0.0,0.0,0,167,CONTINUAR EXPLORACAO
1970-01-01 00:07:17,40.712624,-74.005968,37,8,1.9,6.6,25.2,615,-3,233,0,57.4,0,-0.1,0,32,False,0.0,0.0,0,100,CONTINUAR EXPLORACAO
1970-01-01 00:07:18,40.712623,-74.005964,38,8,1.9,6.5,25.8,524,-1,219,0,57.3,0,0.6,0,32,False,0.0,0.0,0,161,CONTINUAR EXPLORACAO
1970-01-01 00:07:19,40.712635,-74.005959,39,8,1.8,7.5,25.2,536,1,246,0,57.1,0,-0.6,0,33,False,0.0,0.0,0,102,CONTINUAR EXPLORACAO
1970-01-01 00:07:20,40.712643,-74.005941,40,8,1.8,7.3,24.8,523,0,214,0,57.0,0,-0.4,0,32,False,0.0,0.0,0,82,CONTINUAR EXPLORACAO
1970-01-01 00:07:21,40.712632,-74.005945,41,8,1.8,8.0,24.6,484,-6,239,0,56.9,0,-0.2,0,34,False,0.0,0.0,0,15,CONTINUAR EXPLORACAO
1970-01-01 00:07:22,40.712641,-74.005928,42,8,1.8,7.7,25.8,447,-2,223,0,56.8,0,1.2,0,33,False,0.0,0.0,0,51,CONTINUAR EXPLORACAO
1970-01-01 00:07:23,40.712653,-74.005956,43,8,1.8,9.2,25.5,446,7,248,0,56.6,0,-0.3,0,36,False,0.0,0.0,0,153,CONTINUAR EXPLORACAO
1970-01-01 00:07:24,40.712651,-74.005968,44,8,1.9,9.2,25.0,447,5,234,0,56.5,0,-0.5,0,37,False,0.0,0.0,0,66,CONTINUAR EXPLORACAO
1970-01-01 00:07:25,40.71266,-74.005984,45,8,2.0,9.6,25.4,434,6,252,0,56.3,0,0.4,0,39,False,0.0,0.0,0,64,CONTINUAR EXPLORACAO
1970-01-01 00:07:26,40.712666,-74.005991,46,8,2.1,10.0,25.5,457,-2,252,0,56.2,0,0.1,0,41,False,0.0,0.0,0,138,CONTINUAR EXPLORACAO
1970-01-01 00:07:27,40.712675,-74.005997,47,8,2.1,8.2,25.9,406,5,240,0,56.3,0,0.4,0,37,False,0.0,0.0,0,89,CONTINUAR EXPLORACAO
1970-01-01 00:07:28,40.712677,-74.006005,48,8,2.1,9.1,25.4,453,0,236,0,56.1,0,-0.5,0,39,False,0.0,0.0,0,162,CONTINUAR EXPLORACAO
1970-01-01 00:07:29,40.71269,-74.006013,49,8,2.1,8.5,25.5,443,0,221,0,56.0,0,0.1,0,38,False,0.0,0.0,0,130,CONTINUAR EXPLORACAO
1970-01-01 00:07:30,40.71269,-74.006016,0,9,2.1,6.9,26.3,489,-3,206,0,56.1,0,0.8,0,34,False,0.0,0.0,0,92,CONTINUAR EXPLORACAO
1970-01-01 00:07:31,40.712685,-74.006032,1,9,2.2,6.6,25.7,448,3,224,0,56.0,0,-0.6,0,35,False,0.0,0.0,0,61,CONTINUAR EXPLORACAO
1970-01-01 00:07:32,40.71269,-74.006025,2,9,2.2,6.9,25.7,501,-8,207,0,55.9,0,0.0,0,35,False,0.0,0.0,0,15,CONTINUAR EXPLORACAO
1970-01-01 00:07:33,40.712687,-74.00601,3,9,2.2,6.0,24.2,518,1,227,0,55.9,0,-1.5,0,34,False,0.0,0.0,0,89,CONTINUAR EXPLORACAO
1970-01-01 00:07:34,40.712681,-74.006013,4,9,2.1,8.1,24.8,502,6,191,0,55.6,0,0.6,0,37,False,0.0,0.0,0,45,CONTINUAR EXPLORACAO
1970-01-01 00:07:35,40.712677,-74.006023,5,9,2.2,8.4,24.1,564,-2,197,0,55.5,0,-0.7,0,38,False,0.0,0.0,0,193,CONTINUAR EXPLORACAO
1970-01-01 00:07:36,40.71265,-74.006026,6,9,2.2,9.1,25.3,549,-7,201,0,55.3,0,1.2,0,40,False,0.0,0.0,0,62,CONTINUAR EXPLORACAO
1970-01-01 00:07:37,40.712648,-74.006024,7,9,2.1,9.6,25.1,603,-1,211,0,55.2,0,-0.2,0,40,False,0.0,0.0,0,81,CONTINUAR EXPLORACAO
1970-01-01 00:07:38,40.712646,-74.006022,8,9,2.1,9.3,24.9,662,0,197,0,55.1,0,-0.2,0,39,False,0.0,0.0,0,116,CONTINUAR EXPLORACAO
1970-01-01 00:07:39,40.712643,-74.006035,9,9,2.0,8.3,25.0,733,2,217,0,55.1,0,0.1,0,36,False,0.0,0.0,0,111,CONTINUAR EXPLORACAO
1970-01-01 00:07:40,40.71265,-74.00601,10,9,2.0,9.1,24.4,714,4,211,0,54.9,0,-0.6,0,38,False,0.0,0.0,0,17,CONTINUAR EXPLORACAO
1970-01-01 00:07:41,40.712653,-74.006006,11,9,2.0,8.8,25.7,723,-2,198,0,54.9,0,1.3,0,37,False,0.2,0.4,0,185,CONTINUAR EXPLORACAO
1970-01-01 00:07:42,40.712649,-74.006005,12,9,1.9,10.2,25.1,714,2,219,0,54.6,0,-0.6,0,39,False,0.0,0.0,0,49,CONTINUAR EXPLORACAO
1970-01-01 00:07:43,40.712661,-74.00602,13,9,1.9,9.7,24.6,690,-1,201,0,54.6,0,-0.5,0,38,False,0.0,0.0,0,20,CONTINUAR EXPLORACAO
1970-01-01 00:07:44,40.712684,-74.006028,14,9,2.0,10.0,26.6,674,1,232,0,54.5,0,2.0,0,40,False,0.1,0.2,0,158,CONTINUAR EXPLORACAO
1970-01-01 00:07:45,40.712684,-74.006038,15,9,2.1,9.7,25.1,620,-7,218,0,54.4,0,-1.5,0,40,False,0.0,0.0,0,141,CONTINUAR EXPLORACAO
1970-01-01 00:07:46,40.712665,-74.006023,16,9,2.1,9.7,25.4,576,-3,222,0,54.3,0,0.3,0,40,False,0.0,0.0,0,114,CONTINUAR EXPLORACAO
1970-01-01 00:07:47,40.712673,-74.006023,17,9,2.1,10.2,25.3,537,0,217,0,54.1,0,-0.1,0,41,False,0.0,0.0,0,72,CONTINUAR EXPLORACAO
1970-01-01 00:07:48,40.712683,-74.006031,18,9,1.9,10.6,24.3,531,11,228,0,54.0,0,-1.0,0,40,False,0.0,0.0,0,101,CONTINUAR EXPLORACAO
1970-01-01 00:07:49,40.712683,-74.006031,19,9,1.9,11.1,25.0,515,3,217,0,53.9,0,0.7,0,41,False,0.0,0.0,0,173,CONTINUAR EXPLORACAO
1970-01-01 00:07:50,40.712699,-74.006031,20,9,1.9,12.7,25.4,507,-4,204,0,53.6,0,0.4,0,44,False,0.0,0.0,0,36,CONTINUAR EXPLORACAO
1970-01-01 00:07:51,40.71273,-74.006026,21,9,1.8,12.0,25.6,530,-4,232,0,53.6,0,0.2,0,42,False,0.0,0.0,0,15,CONTINUAR EXPLORACAO
1970-01-01 00:07:52,40.712746,-74.006036,22,9,1.8,12.0,25.7,517,3,219,0,53.5,0,0.1,0,42,False,0.0,0.0,0,78,CONTINUAR EXPLORACAO
1970-01-01 00:07:53,40.712742,-74.006036,23,9,1.8,10.8,24.6,523,0,218,0,53.5,0,-1.1,0,39,False,0.0,0.0,0,30,CONTINUAR EXPLORACAO
1970-01-01 00:07:54,40.712718,-74.006036,24,9,1.8,11.6,25.6,560,-8,215,0,53.3,0,1.0,0,41,False,0.0,0.0,0,72,CONTINUAR EXPLORACAO
1970-01-01 00:07:55,40.71272,-74.00603,25,9,1.8,11.1,25.9,592,0,234,0,53.3,0,0.3,0,40,False,0.0,0.0,0,198,CONTINUAR EXPLORACAO
1970-01-01 00:07:56,40.712711,-74.006021,26,9,1.9,13.0,24.8,616,-4,213,0,53.0,0,-1.1,0,45,False,0.0,0.0,0,96,CONTINUAR EXPLORACAO
1970-01-01 00:07:57,40.712715,-74.006019,27,9,1.8,13.8,25.1,621,-4,224,0,52.8,0,0.3,0,45,False,0.0,0.0,0,36,CONTINUAR EXPLORACAO
1970-01-01 00:07:58,40.712713,-74.006018,28,9,1.8,12.6,25.6,736,0,217,0,52.9,0,0.5,0,43,False,0.1,0.2,0,148,CONTINUAR EXPLORACAO
1970-01-01 00:07:59,40.712722,-74.006029,29,9,1.8,11.7,25.0,784,-2,219,0,52.8,0,-0.6,0,41,False,0.1,0.2,0,16,CONTINUAR EXPLORACAO
1970-01-01 00:08:00,40.712731,-74.006016,30,9,1.9,10.7,24.4,836,9,214,0,52.8,0,-0.6,0,40,False,0.4,0.8,0,175,CONTINUAR EXPLORACAO
1970-01-01 00:08:01,40.712735,-74.006017,31,9,1.8,11.4,25.7,883,3,228,0,52.7,0,1.3,0,40,True,78.0,156.0,0,278,INICIAR RESGATE (ALTA CONFIANÇA DA IA)
1970-01-01 00:08:02,40.712742,-74.006028,32,9,1.9,11.4,25.1,819,-10,236,0,52.6,0,-0.6,0,41,False,1.7,3.4,0,174,CONTINUAR EXPLORACAO
1970-01-01 00:08:03,40.712763,-74.006033,33,9,1.8,10.7,24.9,766,-5,236,0,52.6,0,-0.2,0,39,False,0.2,0.4,0,153,CONTINUAR EXPLORACAO
1970-01-01 00:08:04,40.712765,-74.00603,34,9,1.8,10.0,24.7,711,1,219,0,52.5,0,-0.2,0,38,False,0.0,0.0,0,157,CONTINUAR EXPLORACAO
1970-01-01 00:08:05,40.712776,-74.006017,35,9,1.8,10.9,26.0,624,0,232,0,52.4,0,1.3,0,39,False,0.0,0.0,0,127,CONTINUAR EXPLORACAO
1970-01-01 00:08:06,40.712757,-74.005998,36,9,1.8,10.3,25.0,571,1,222,0,52.3,0,-1.0,0,38,False,0.0,0.0,0,10,CONTINUAR EXPLORACAO
1970-01-01 00:08:07,40.71276,-74.005995,37,9,1.7,7.8,25.1,543,0,244,0,52.5,0,0.1,0,32,False,0.0,0.0,0,21,CONTINUAR EXPLORACAO
1970-01-01 00:08:08,40.712799,-74.005989,38,9,1.7,10.2,25.5,509,4,234,0,52.1,0,0.4,0,37,False,0.0,0.0,0,17,CONTINUAR EXPLORACAO
1970-01-01 00:08:09,40.712797,-74.00599,39,9,1.7,9.9,25.4,511,-3,232,0,52.1,0,-0.1,0,36,False,0.0,0.0,0,54,CONTINUAR EXPLORACAO
1970-01-01 00:08:10,40.71278,-74.006004,40,9,1.7,11.0,26.4,486,-4,241,0,51.9,0,1.0,0,39,False,0.0,0.0,0,183,CONTINUAR EXPLORACAO
1970-01-01 00:08:11,40.712788,-74.006006,41,9,1.6,10.7,25.2,468,0,240,0,51.8,0,-1.2,0,37,False,0.0,0.0,0,200,CONTINUAR EXPLORACAO
1970-01-01 00:08:12,40.712788,-74.005997,42,9,1.7,10.1,25.3,477,-8,237,0,51.8,0,0.1,0,37,False,0.0,0.0,0,40,CONTINUAR EXPLORACAO
1970-01-01 00:08:13,40.712787,-74.005991,43,9,1.7,9.5,25.2,482,2,229,0,51.7,0,-0.1,0,36,False,0.0,0.0,0,43,CONTINUAR EXPLORACAO
1970-01-01 00:08:14,40.712773,-74.005994,44,9,1.6,9.2,25.6,513,10,248,0,51.7,0,0.4,0,34,False,0.0,0.0,0,192,CONTINUAR EXPLORACAO
1970-01-01 00:08:15,40.712772,-74.005997,45,9,1.7,8.8,24.4,426,0,246,0,51.6,0,-1.2,0,34,False,0.0,0.0,0,164,CONTINUAR EXPLORACAO
1970-01-01 00:08:16,40.71277,-74.005992,46,9,1.7,8.4,25.0,432,-2,243,0,51.5,0,0.6,0,33,False,0.0,0.0,0,107,CONTINUAR EXPLORACAO
1970-01-01 00:08:17,40.712784,-74.005977,47,9,1.8,6.9,23.9,447,6,246,0,51.6,0,-1.1,0,31,False,0.0,0.0,0,105,CONTINUAR EXPLORACAO
1970-01-01 00:08:18,40.712787,-74.005966,48,9,1.7,8.0,24.9,451,-3,246,0,51.4,0,1.0,0,33,False,0.0,0.0,0,28,CONTINUAR EXPLORACAO
1970-01-01 00:08:19,40.712805,-74.005958,49,9,1.8,8.8,25.9,459,-3,254,0,51.2,0,1.0,0,35,False,0.0,0.0,0,196,CONTINUAR EXPLORACAO
